AAJM01,Bacillus thuringiensis serovar israelensis ATCC 35646,Bacillus thuringiensis
AAJX02,Escherichia coli B171,Escherichia coli
AANJ01,Campylobacter jejuni subsp. jejuni CF93-6,Campylobacter jejuni
AANK01,Campylobacter jejuni subsp. jejuni 260.94,Campylobacter jejuni
AANQ01,Campylobacter jejuni subsp. jejuni HB93-13,Campylobacter jejuni
AANT02,Campylobacter jejuni subsp. jejuni 84-25,Campylobacter jejuni
AAOK01 ,Synechococcus sp. WH 7805,NA
AASY01,Campylobacter jejuni subsp. jejuni CG8486,Campylobacter jejuni
AAZW01 ,Vibrionales bacterium SWAT-3,NA
ABBK01,Burkholderia pseudomallei 91,Burkholderia pseudomallei
ABBL01,Burkholderia pseudomallei 9,Burkholderia pseudomallei
ABEW01,Salmonella enterica subsp. enterica serovar Newport str. SL317,Salmonella enterica
ABHK02,Escherichia coli O157:H7 str. EC4206,Escherichia coli
ABHL02,Escherichia coli O157:H7 str. EC4045,Escherichia coli
ABHM02,Escherichia coli O157:H7 str. EC4042,Escherichia coli
ABHO01,Escherichia coli O157:H7 str. EC4196,Escherichia coli
ABHP01,Escherichia coli O157:H7 str. EC4113,Escherichia coli
ABHQ01,Escherichia coli O157:H7 str. EC4076,Escherichia coli
ABHR01,Escherichia coli O157:H7 str. EC4401,Escherichia coli
ABHS01,Escherichia coli O157:H7 str. EC4486,Escherichia coli
ABHT01,Escherichia coli O157:H7 str. EC4501,Escherichia coli
ABHU01,Escherichia coli O157:H7 str. EC869,Escherichia coli
ABHW01,Escherichia coli O157:H7 str. EC508,Escherichia coli
ABJT01,Escherichia coli O157:H7 str. EC4024,Escherichia coli
ABKD01,Campylobacter jejuni subsp. jejuni BH-01-0142,Campylobacter jejuni
ABVY01,Pectobacterium carotovorum subsp. carotovorum WPP14,Pectobacterium carotovorum
ACXE01,Escherichia coli B088,Escherichia coli
ACXF01,Escherichia coli B185,Escherichia coli
ACXG01,Escherichia coli B354,Escherichia coli
ACXN01,Escherichia coli O157:H7 str. FRIK966,Escherichia coli
ACXO01,Escherichia coli O157:H7 str. FRIK2000,Escherichia coli
ADHK01,Campylobacter jejuni subsp. jejuni DFVF1099,Campylobacter jejuni
ADHL01,Campylobacter jejuni subsp. jejuni 305,Campylobacter jejuni
ADHM01,Campylobacter jejuni subsp. jejuni 327,Campylobacter jejuni
ADMX01,Escherichia coli O157:H7 str. EC4009,Escherichia coli
ADUX01,Escherichia coli O157:H7 str. EC4192,Escherichia coli
ADUY01,Escherichia coli O157:H7 str. EC4084,Escherichia coli
ADUZ01,Escherichia coli O157:H7 str. EC4127,Escherichia coli
ADVA01,Escherichia coli O157:H7 str. EC4191,Escherichia coli
ADVB01,Escherichia coli O157:H7 str. EC4205,Escherichia coli
ADVC01,Escherichia coli O157:H7 str. EC536,Escherichia coli
ADXL01 ,Synechococcus sp. CB0101,NA
AE014073.1,Shigella flexneri 2a str. 2457T,Shigella flexneri
AE014075.1,Escherichia coli CFT073,Escherichia coli
AE014075.1 ,Escherichia coli CFT073,Escherichia coli
AE014613.1,Salmonella enterica subsp. enterica serovar Typhi str. Ty2,Salmonella enterica
AEAL01,Pseudomonas syringae pv. actinidiae str. M302091,Pseudomonas syringae
AEAT01,Lactobacillus delbrueckii subsp. bulgaricus PB2003/044-T3-4,Lactobacillus delbrueckii
AEIO01,Campylobacter jejuni subsp. jejuni P110B,Campylobacter jejuni
AEIP01,Campylobacter jejuni subsp. jejuni H22082,Campylobacter jejuni
AERP01,Escherichia coli O157:H7 str. 1044,Escherichia coli
AERQ01,Escherichia coli O157:H7 str. EC1212,Escherichia coli
AERR01,Escherichia coli O157:H7 str. 1125,Escherichia coli
AERV01,Salmonella enterica subsp. enterica serovar Typhimurium str. TN061786,Salmonella enterica
AETX01,Escherichia coli O157:H7 str. G5101,Escherichia coli
AETZ01,Escherichia coli O157:H- str. H 2687,Escherichia coli
AEUC01,Escherichia coli O157:H7 str. LSU-61,Escherichia coli
AEXF01,Escherichia coli B093,Escherichia coli
AEXU01,Lactobacillus delbrueckii subsp. lactis DSM 20072,Lactobacillus delbrueckii
AFAH02,Escherichia coli B41,Escherichia coli
AFAO01 ,Helicobacter pylori B45,Helicobacter pylori
AFOB02,Escherichia coli O104:H4 str. LB226692,Escherichia coli
AFPN02,Escherichia coli O104:H4 str. H112180280,Escherichia coli
AFPS01,Escherichia coli O104:H4 str. 01-09591,Escherichia coli
AFRH01,Escherichia coli O104:H4 str. C227-11,Escherichia coli
AFRI01,Escherichia coli O104:H4 str. C236-11,Escherichia coli
AFRK01,Escherichia coli O104:H4 str. 09-7901,Escherichia coli
AFRL01,Escherichia coli O104:H4 str. 04-8351,Escherichia coli
AFRM01,Escherichia coli O104:H4 str. 11-3677,Escherichia coli
AFRO01,Escherichia coli O104:H4 str. H112180541,Escherichia coli
AFSO01,Escherichia coli O104:H4 str. H112180282,Escherichia coli
AFTF01,Pseudomonas syringae pv. actinidiae str. NCPPB 3871,Pseudomonas syringae
AFTG01,Pseudomonas syringae pv. actinidiae str. CRAFRU8.43,Pseudomonas syringae
AFTH01,Pseudomonas syringae pv. actinidiae str. NCPPB 3739,Pseudomonas syringae
AFUX01,Escherichia coli O104:H4 str. 11-4404,Escherichia coli
AFUY01,Escherichia coli O104:H4 str. 11-4522,Escherichia coli
AFUZ01,Escherichia coli O104:H4 str. 11-4623,Escherichia coli
AFVA01,Escherichia coli O104:H4 str. 11-4632 C1,Escherichia coli
AFVB01,Escherichia coli O104:H4 str. 11-4632 C2,Escherichia coli
AFVC01,Escherichia coli O104:H4 str. 11-4632 C3,Escherichia coli
AFVD01,Escherichia coli O104:H4 str. 11-4632 C4,Escherichia coli
AFVE01,Escherichia coli O104:H4 str. 11-4632 C5,Escherichia coli
AFVR01,Escherichia coli O104:H4 str. TY-2482,Escherichia coli
AFWB01,Escherichia coli O104:H4 str. H112180540,Escherichia coli
AFWC01,Escherichia coli O104:H4 str. H112180283,Escherichia coli
AFWO01,Escherichia coli O104:H4 str. GOS1,Escherichia coli
AFWP01,Escherichia coli O104:H4 str. GOS2,Escherichia coli
AGFO01,Lactobacillus delbrueckii subsp. bulgaricus CNCM I-1632,Lactobacillus delbrueckii
AGHW01,Lactobacillus delbrueckii subsp. bulgaricus CNCM I-1519,Lactobacillus delbrueckii
AGNO01,Pseudomonas syringae pv. actinidiae CFBP 7286,Pseudomonas syringae
AGNP01,Pseudomonas syringae pv. actinidiae KW41,Pseudomonas syringae
AGNQ01,Pseudomonas syringae pv. actinidiae PA459,Pseudomonas syringae
AGTE01,Campylobacter jejuni subsp. jejuni NW,Campylobacter jejuni
AGTF01,Campylobacter jejuni subsp. jejuni D2600,Campylobacter jejuni
AGTG01,Escherichia coli O157:H- str. 493-89,Escherichia coli
AGUH01,Pseudomonas syringae pv. actinidiae CH2010-6,Pseudomonas syringae
AGVO01,Aeromonas salmonicida subsp. salmonicida 01-B526,Aeromonas salmonicida
AGWF01,Escherichia coli O104:H4 str. Ec11-9450,Escherichia coli
AGWG01,Escherichia coli O104:H4 str. Ec11-9990,Escherichia coli
AGWH01,Escherichia coli O104:H4 str. Ec11-9941,Escherichia coli
AHAU01,Escherichia coli O104:H4 str. E92/11,Escherichia coli
AHAV01,Escherichia coli O104:H4 str. E112/10,Escherichia coli
AHOU01,Escherichia coli O104:H4 str. Ec11-4984,Escherichia coli
AHOV01,Escherichia coli O104:H4 str. Ec11-5604,Escherichia coli
AHOW01,Escherichia coli O104:H4 str. Ec11-4986,Escherichia coli
AHOX01,Escherichia coli O104:H4 str. Ec11-4987,Escherichia coli
AHOY01,Escherichia coli O104:H4 str. Ec11-4988,Escherichia coli
AHOZ01,Escherichia coli O104:H4 str. Ec11-5603,Escherichia coli
AHPA01,Escherichia coli O104:H4 str. Ec11-6006,Escherichia coli
AHTJ01,Salmonella enterica subsp. enterica serovar Newport str. CVM 35185,Salmonella enterica
AHTK01,Salmonella enterica subsp. enterica serovar Newport str. CVM 35199,Salmonella enterica
AHTL01,Salmonella enterica subsp. enterica serovar Newport str. CVM 21539,Salmonella enterica
AHTM01,Salmonella enterica subsp. enterica serovar Newport str. CVM 33953,Salmonella enterica
AHTN01,Salmonella enterica subsp. enterica serovar Newport str. CVM 35188,Salmonella enterica
AHTO01,Salmonella enterica subsp. enterica serovar Newport str. CVM 21559,Salmonella enterica
AHTP01,Salmonella enterica subsp. enterica serovar Newport str. CVM 19447,Salmonella enterica
AHTQ01,Salmonella enterica subsp. enterica serovar Newport str. CVM 19449,Salmonella enterica
AHTR01,Salmonella enterica subsp. enterica serovar Newport str. CVM 19567,Salmonella enterica
AHTS01,Salmonella enterica subsp. enterica serovar Newport str. CVM 35202,Salmonella enterica
AHUB01,Salmonella enterica subsp. enterica serovar Newport str. CVM 19443,Salmonella enterica
AHUC01,Salmonella enterica subsp. enterica serovar Newport str. CVM 37978,Salmonella enterica
AHUD01,Salmonella enterica subsp. enterica serovar Newport str. CVM 19593,Salmonella enterica
AHUE01,Salmonella enterica subsp. enterica serovar Newport str. CVM 19470,Salmonella enterica
AHUF01,Salmonella enterica subsp. enterica serovar Newport str. CVM 19536,Salmonella enterica
AHUG01,Salmonella enterica subsp. enterica serovar Newport str. CVM 4176,Salmonella enterica
AHUL01,Salmonella enterica subsp. enterica serovar Enteritidis str. SE8a,Salmonella enterica
AHUM01,Salmonella enterica subsp. enterica serovar Enteritidis str. 20037,Salmonella enterica
AHUN01,Salmonella enterica subsp. enterica serovar Enteritidis str. SE10,Salmonella enterica
AHUO01,Salmonella enterica subsp. enterica serovar Enteritidis str. 436,Salmonella enterica
AHUP01,Salmonella enterica subsp. enterica serovar Enteritidis str. 18569,Salmonella enterica
AHUQ01,Salmonella enterica subsp. enterica serovar Enteritidis str. 13-1,Salmonella enterica
AHUR01,Salmonella enterica subsp. enterica serovar Enteritidis str. PT23,Salmonella enterica
AHUV01,Salmonella enterica subsp. enterica serovar Typhimurium str. CDC_2009K1153,Salmonella enterica
AHUZ01,Salmonella enterica subsp. enterica serovar Typhimurium str. LT2-4_delta.ramA::kan,Salmonella enterica
AHVA01,Salmonella enterica subsp. enterica serovar Typhimurium str. LT2-4,Salmonella enterica
AHWD01,Brucella melitensis 16M1W,Brucella melitensis
AHWE01,Brucella melitensis 16M13W,Brucella melitensis
AHWG01,Escherichia coli B799,Escherichia coli
AHZD02,Escherichia coli O157:H43 str. T22,Escherichia coli
AHZE01,Escherichia coli O104:H4 str. ON2010,Escherichia coli
AHZF01,Escherichia coli O104:H4 str. ON2011,Escherichia coli
AIAC01,Escherichia coli C1214_90,Escherichia coli
AIAD01,Escherichia coli C1244_91,Escherichia coli
AIAE01,Escherichia coli C12_92,Escherichia coli
AIAF01,Escherichia coli C154_11,Escherichia coli
AIAG01,Escherichia coli C155_11,Escherichia coli
AIAH01,Escherichia coli C157_11,Escherichia coli
AIAI01,Escherichia coli C161_11,Escherichia coli
AIAJ01,Escherichia coli C170_11,Escherichia coli
AIAL01,Escherichia coli C213_10,Escherichia coli
AIAM01,Escherichia coli C2139_99,Escherichia coli
AIAN01,Escherichia coli C238_91,Escherichia coli
AIAO01,Escherichia coli C260_92,Escherichia coli
AIAP01,Escherichia coli C262_10,Escherichia coli
AIAQ01,Escherichia coli C283_09,Escherichia coli
AIAR01,Escherichia coli C295_10,Escherichia coli
AIAS01,Escherichia coli C341_10,Escherichia coli
AIAT01,Escherichia coli C343_08,Escherichia coli
AIAU01,Escherichia coli C347_93,Escherichia coli
AIAV01,Escherichia coli C353_09,Escherichia coli
AIAW01,Escherichia coli C354_03B,Escherichia coli
AIAX01,Escherichia coli C40_11,Escherichia coli
AIAY01,Escherichia coli C418_89,Escherichia coli
AIAZ01,Escherichia coli C458_10,Escherichia coli
AIBA01,Escherichia coli C488_07,Escherichia coli
AIBB01,Escherichia coli C496_10,Escherichia coli
AIBC01,Escherichia coli C497_10,Escherichia coli
AIBD01,Escherichia coli C527_94,Escherichia coli
AIBE01,Escherichia coli C581_05,Escherichia coli
AIBF01,Escherichia coli C58_11,Escherichia coli
AIBG01,Escherichia coli C586_05,Escherichia coli
AIBH01,Escherichia coli C639_08,Escherichia coli
AIBI01,Escherichia coli C652_10,Escherichia coli
AIBJ01,Escherichia coli C654_09,Escherichia coli
AIBK01,Escherichia coli C717_10,Escherichia coli
AIBL01,Escherichia coli C725_88,Escherichia coli
AIBM01,Escherichia coli C732_98,Escherichia coli
AIBN01,Escherichia coli C743_03,Escherichia coli
AIBO01,Escherichia coli C751_03,Escherichia coli
AIBP01,Escherichia coli C78_09C,Escherichia coli
AIBQ01,Escherichia coli C79_08,Escherichia coli
AIBR01,Escherichia coli C792_92,Escherichia coli
AIBS01,Escherichia coli C796_10,Escherichia coli
AIBT01,Escherichia coli C799_92,Escherichia coli
AIBU01,Escherichia coli C80_08,Escherichia coli
AIBV01,Escherichia coli C807_09,Escherichia coli
AIBW01,Escherichia coli C82_11,Escherichia coli
AIBX01,Escherichia coli C824_10,Escherichia coli
AIBY01,Escherichia coli C842_97,Escherichia coli
AIBZ01,Escherichia coli C844_97,Escherichia coli
AICA01,Escherichia coli C87_11,Escherichia coli
AICB01,Escherichia coli C887_10,Escherichia coli
AICC01,Escherichia coli C900_01,Escherichia coli
AICD01,Escherichia coli C93_11,Escherichia coli
AICE01,Escherichia coli C9_92,Escherichia coli
AICF01,Escherichia coli C166_11,Escherichia coli
AINY01,Campylobacter jejuni subsp. jejuni 129-258,Campylobacter jejuni
AINZ01,Campylobacter jejuni subsp. jejuni 51494,Campylobacter jejuni
AIOA01,Campylobacter jejuni subsp. jejuni LMG 23216,Campylobacter jejuni
AIOB01,Campylobacter jejuni subsp. jejuni LMG 23218,Campylobacter jejuni
AIOC01,Campylobacter jejuni subsp. jejuni LMG 23223,Campylobacter jejuni
AIOD01,Campylobacter jejuni subsp. jejuni LMG 23263,Campylobacter jejuni
AIOE01,Campylobacter jejuni subsp. jejuni 60004,Campylobacter jejuni
AIOF01,Campylobacter jejuni subsp. jejuni LMG 23264,Campylobacter jejuni
AIOG01,Campylobacter jejuni subsp. jejuni LMG 23269,Campylobacter jejuni
AIOH01,Campylobacter jejuni subsp. jejuni 55037,Campylobacter jejuni
AIOI01,Campylobacter jejuni subsp. jejuni LMG 9879,Campylobacter jejuni
AIOJ01,Campylobacter jejuni subsp. jejuni 86605,Campylobacter jejuni
AIOK01,Campylobacter jejuni subsp. jejuni LMG 23357,Campylobacter jejuni
AIOL01,Campylobacter jejuni subsp. jejuni ATCC 33560,Campylobacter jejuni
AIOM01,Campylobacter jejuni subsp. jejuni LMG 9081,Campylobacter jejuni
AION01,Campylobacter jejuni subsp. jejuni 53161,Campylobacter jejuni
AIOO01,Campylobacter jejuni subsp. jejuni LMG 9217,Campylobacter jejuni
AIOP01,Campylobacter jejuni subsp. jejuni 2008-1025,Campylobacter jejuni
AIOQ01,Campylobacter jejuni subsp. jejuni 2008-894,Campylobacter jejuni
AIOR01,Campylobacter jejuni subsp. jejuni 2008-872,Campylobacter jejuni
AIOS01,Campylobacter jejuni subsp. jejuni 2008-988,Campylobacter jejuni
AIOT01,Campylobacter jejuni subsp. jejuni 1997-1,Campylobacter jejuni
AIOU01,Campylobacter jejuni subsp. jejuni 2008-979,Campylobacter jejuni
AIOV01,Campylobacter jejuni subsp. jejuni 2008-831,Campylobacter jejuni
AIOW01,Campylobacter jejuni subsp. jejuni 1997-4,Campylobacter jejuni
AIOX01,Campylobacter jejuni subsp. jejuni 1997-7,Campylobacter jejuni
AIOY01,Campylobacter jejuni subsp. jejuni 1997-10,Campylobacter jejuni
AIOZ01,Campylobacter jejuni subsp. jejuni 1997-11,Campylobacter jejuni
AIPA01,Campylobacter jejuni subsp. jejuni 1997-14,Campylobacter jejuni
AIPB01,Campylobacter jejuni subsp. jejuni 51037,Campylobacter jejuni
AIPC01,Campylobacter jejuni subsp. jejuni 110-21,Campylobacter jejuni
AIPD01,Campylobacter jejuni subsp. jejuni 87330,Campylobacter jejuni
AIPE01,Campylobacter jejuni subsp. jejuni 87459,Campylobacter jejuni
AIPF01,Campylobacter jejuni subsp. jejuni 140-16,Campylobacter jejuni
AIPG01,Campylobacter jejuni subsp. jejuni 1213,Campylobacter jejuni
AIPH01,Campylobacter jejuni subsp. jejuni 1577,Campylobacter jejuni
AIPI01,Campylobacter jejuni subsp. jejuni 1798,Campylobacter jejuni
AIPJ01,Campylobacter jejuni subsp. jejuni 1854,Campylobacter jejuni
AIPK01,Campylobacter jejuni subsp. jejuni 1893,Campylobacter jejuni
AIPL01,Campylobacter jejuni subsp. jejuni 1928,Campylobacter jejuni
AIPM01,Campylobacter jejuni subsp. jejuni LMG 9872,Campylobacter jejuni
AIPN01,Campylobacter jejuni subsp. jejuni LMG 23210,Campylobacter jejuni
AIPO01,Campylobacter jejuni subsp. jejuni LMG 23211,Campylobacter jejuni
AIPQ01,Escherichia coli O104:H4 str. Ec12-0465,Escherichia coli
AIPR01,Escherichia coli O104:H4 str. Ec12-0466,Escherichia coli
AJGK01,Salmonella enterica subsp. enterica serovar Typhi str. BL196,Salmonella enterica
AJKU01 ,Cronobacter sakazakii strain 51329,Cronobacter muytjensii
AJMN01,Salmonella enterica subsp. enterica serovar Newport str. Levine 1,Salmonella enterica
AJMO01,Salmonella enterica subsp. enterica serovar Newport str. Levine 15,Salmonella enterica
AJTD01,Salmonella enterica subsp. enterica serovar Typhi str. UJ308A,Salmonella enterica
AJTE01,Salmonella enterica subsp. enterica serovar Typhi str. UJ816A,Salmonella enterica
AJTU01,Salmonella enterica subsp. enterica serovar Typhimurium str. ST1660/06,Salmonella enterica
AJVD01,Salmonella enterica subsp. enterica serovar Enteritidis str. 2010-1237,Salmonella enterica
AJWV01,Escherichia coli CUMT8,Escherichia coli
AJXA01,Salmonella enterica subsp. enterica serovar Typhi str. ST0208,Salmonella enterica
AKFN01,Campylobacter jejuni subsp. jejuni P854,Campylobacter jejuni
AKFW01,Salmonella enterica subsp. enterica serovar Enteritidis str. 2010K-2599,Salmonella enterica
AKFX01,Salmonella enterica subsp. enterica serovar Enteritidis str. 2010K-0669,Salmonella enterica
AKFY01,Salmonella enterica subsp. enterica serovar Enteritidis str. 08-0047,Salmonella enterica
AKFZ01,Salmonella enterica subsp. enterica serovar Enteritidis str. 08-0128,Salmonella enterica
AKGA01,Salmonella enterica subsp. enterica serovar Enteritidis str. 08-0627,Salmonella enterica
AKIC01,Salmonella enterica subsp. enterica serovar Typhi str. CR0063,Salmonella enterica
AKZO01,Salmonella enterica subsp. enterica serovar Typhi str. CR0044,Salmonella enterica
ALEI01,Salmonella enterica subsp. enterica serovar Enteritidis str. 622731-39,Salmonella enterica
ALEJ01,Salmonella enterica subsp. enterica serovar Enteritidis str. 639016-6,Salmonella enterica
ALEK01,Salmonella enterica subsp. enterica serovar Enteritidis str. 640631,Salmonella enterica
ALEL01,Salmonella enterica subsp. enterica serovar Enteritidis str. 77-0424,Salmonella enterica
ALEM01,Salmonella enterica subsp. enterica serovar Enteritidis str. 607307-6,Salmonella enterica
ALEN01,Salmonella enterica subsp. enterica serovar Enteritidis str. 485549-17,Salmonella enterica
ALEO01,Salmonella enterica subsp. enterica serovar Enteritidis str. 596866-22,Salmonella enterica
ALEP01,Salmonella enterica subsp. enterica serovar Enteritidis str. 596866-70,Salmonella enterica
ALEQ01,Salmonella enterica subsp. enterica serovar Enteritidis str. 629164-26,Salmonella enterica
ALER01,Salmonella enterica subsp. enterica serovar Enteritidis str. 629164-37,Salmonella enterica
ALES01,Salmonella enterica subsp. enterica serovar Enteritidis str. 639672-46,Salmonella enterica
ALET01,Salmonella enterica subsp. enterica serovar Enteritidis str. 639672-50,Salmonella enterica
ALEV01,Salmonella enterica subsp. enterica serovar Enteritidis str. 77-2659,Salmonella enterica
ALEW01,Salmonella enterica subsp. enterica serovar Enteritidis str. 78-1757,Salmonella enterica
ALEX01,Salmonella enterica subsp. enterica serovar Enteritidis str. 22510-1,Salmonella enterica
ALEY01,Salmonella enterica subsp. enterica serovar Enteritidis str. 8b-1,Salmonella enterica
ALEZ01,Salmonella enterica subsp. enterica serovar Enteritidis str. 648905 5-18,Salmonella enterica
ALFA01,Salmonella enterica subsp. enterica serovar Enteritidis str. 648901 6-18,Salmonella enterica
ALFB01,Salmonella enterica subsp. enterica serovar Enteritidis str. 50-3079,Salmonella enterica
ALFC01,Salmonella enterica subsp. enterica serovar Enteritidis str. 58-6482,Salmonella enterica
ALFD01,Salmonella enterica subsp. enterica serovar Enteritidis str. 22704,Salmonella enterica
ALFE01,Salmonella enterica subsp. enterica serovar Enteritidis str. SE30663,Salmonella enterica
ALFF01,Salmonella enterica subsp. enterica serovar Enteritidis str. CHS44,Salmonella enterica
ALFG01,Salmonella enterica subsp. enterica serovar Enteritidis str. CDC_2010K_1882,Salmonella enterica
ALFH01,Salmonella enterica subsp. enterica serovar Enteritidis str. CDC_2010K_1884,Salmonella enterica
ALFI01,Salmonella enterica subsp. enterica serovar Enteritidis str. CDC_2010K_1594,Salmonella enterica
ALFJ01,Salmonella enterica subsp. enterica serovar Enteritidis str. CDC_2010K_1566,Salmonella enterica
ALFK01,Salmonella enterica subsp. enterica serovar Enteritidis str. CDC_2010K_1580,Salmonella enterica
ALFL01,Salmonella enterica subsp. enterica serovar Enteritidis str. CDC_2010K_1543,Salmonella enterica
ALFM01,Salmonella enterica subsp. enterica serovar Enteritidis str. CDC_2010K_1441,Salmonella enterica
ALFN01,Salmonella enterica subsp. enterica serovar Enteritidis str. CDC_2010K_1810,Salmonella enterica
ALFO01,Salmonella enterica subsp. enterica serovar Enteritidis str. CDC_2010K_1558,Salmonella enterica
ALFP01,Salmonella enterica subsp. enterica serovar Enteritidis str. CDC_2010K_1018,Salmonella enterica
ALFQ01,Salmonella enterica subsp. enterica serovar Enteritidis str. CDC_2010K_1010,Salmonella enterica
ALFR01,Salmonella enterica subsp. enterica serovar Enteritidis str. CDC_2010K_1729,Salmonella enterica
ALFS01,Salmonella enterica subsp. enterica serovar Enteritidis str. CDC_2010K_0895,Salmonella enterica
ALFT01,Salmonella enterica subsp. enterica serovar Enteritidis str. CDC_2010K_0899,Salmonella enterica
ALFU01,Salmonella enterica subsp. enterica serovar Enteritidis str. CDC_2010K_1457,Salmonella enterica
ALFV01,Salmonella enterica subsp. enterica serovar Enteritidis str. CDC_2010K_1747,Salmonella enterica
ALFX01,Salmonella enterica subsp. enterica serovar Enteritidis str. CDC_2010K_1444,Salmonella enterica
ALFY01,Salmonella enterica subsp. enterica serovar Enteritidis str. CDC_2010K_1445,Salmonella enterica
ALFZ01,Salmonella enterica subsp. enterica serovar Enteritidis str. CDC_2010K_1559,Salmonella enterica
ALGA01,Salmonella enterica subsp. enterica serovar Enteritidis str. CDC_2010K_1565,Salmonella enterica
ALGB01,Salmonella enterica subsp. enterica serovar Enteritidis str. CDC_2010K_1808,Salmonella enterica
ALGC01,Salmonella enterica subsp. enterica serovar Enteritidis str. CDC_2010K_1811,Salmonella enterica
ALGD01,Salmonella enterica subsp. enterica serovar Enteritidis str. CDC_2010K_0956,Salmonella enterica
ALGE01,Salmonella enterica subsp. enterica serovar Enteritidis str. CDC_2010K_1455,Salmonella enterica
ALGF01,Salmonella enterica subsp. enterica serovar Enteritidis str. CDC_2010K_1575,Salmonella enterica
ALGG01,Salmonella enterica subsp. enterica serovar Enteritidis str. CDC_2010K_1725,Salmonella enterica
ALGH01,Salmonella enterica subsp. enterica serovar Enteritidis str. CDC_2010K_1745,Salmonella enterica
ALGI01,Salmonella enterica subsp. enterica serovar Enteritidis str. CDC_2010K_1791,Salmonella enterica
ALGJ01,Salmonella enterica subsp. enterica serovar Enteritidis str. CDC_2010K_1795,Salmonella enterica
ALGK01,Salmonella enterica subsp. enterica serovar Enteritidis str. 576709,Salmonella enterica
ALGL01,Salmonella enterica subsp. enterica serovar Enteritidis str. 635290-58,Salmonella enterica
ALGM01,Salmonella enterica subsp. enterica serovar Enteritidis str. 607308-16,Salmonella enterica
ALGN01,Salmonella enterica subsp. enterica serovar Enteritidis str. 607308-19,Salmonella enterica
ALGO01,Salmonella enterica subsp. enterica serovar Enteritidis str. 607307-2,Salmonella enterica
ALGP01,Salmonella enterica subsp. enterica serovar Enteritidis str. 607308-9,Salmonella enterica
ALGQ01,Salmonella enterica subsp. enterica serovar Enteritidis str. 629163,Salmonella enterica
ALGR01,Salmonella enterica subsp. enterica serovar Enteritidis str. SE15-1,Salmonella enterica
ALGS01,Salmonella enterica subsp. enterica serovar Enteritidis str. CVM_N202,Salmonella enterica
ALGT01,Salmonella enterica subsp. enterica serovar Enteritidis str. CVM_56-3991,Salmonella enterica
ALGU01,Salmonella enterica subsp. enterica serovar Enteritidis str. CVM_76-3618,Salmonella enterica
ALGV01,Salmonella enterica subsp. enterica serovar Enteritidis str. 13183-1,Salmonella enterica
ALGW01,Salmonella enterica subsp. enterica serovar Enteritidis str. CVM_81-2490,Salmonella enterica
ALGX01,Salmonella enterica subsp. enterica serovar Enteritidis str. SL909,Salmonella enterica
ALGY01,Salmonella enterica subsp. enterica serovar Enteritidis str. SL913,Salmonella enterica
ALGZ01,Salmonella enterica subsp. enterica serovar Enteritidis str. CVM_69-4941,Salmonella enterica
ALHA01,Salmonella enterica subsp. enterica serovar Enteritidis str. 638970-15,Salmonella enterica
ALHB01,Salmonella enterica subsp. enterica serovar Enteritidis str. 17927,Salmonella enterica
ALHC01,Salmonella enterica subsp. enterica serovar Enteritidis str. CHS4,Salmonella enterica
ALHD01,Salmonella enterica subsp. enterica serovar Enteritidis str. 22558,Salmonella enterica
ALHE01,Salmonella enterica subsp. enterica serovar Enteritidis str. 543463 22-17,Salmonella enterica
ALHF01,Salmonella enterica subsp. enterica serovar Enteritidis str. 543463 40-18,Salmonella enterica
ALHG01,Salmonella enterica subsp. enterica serovar Enteritidis str. 561362 1-1,Salmonella enterica
ALHH01,Salmonella enterica subsp. enterica serovar Enteritidis str. 642044 4-1,Salmonella enterica
ALHI01,Salmonella enterica subsp. enterica serovar Enteritidis str. 642046 4-7,Salmonella enterica
ALHJ01,Salmonella enterica subsp. enterica serovar Enteritidis str. 648898 4-5,Salmonella enterica
ALHK01,Salmonella enterica subsp. enterica serovar Enteritidis str. 648899 3-17,Salmonella enterica
ALHL01,Salmonella enterica subsp. enterica serovar Enteritidis str. 648900 1-16,Salmonella enterica
ALHM01,Salmonella enterica subsp. enterica serovar Enteritidis str. 648901 1-17,Salmonella enterica
ALHN01,Salmonella enterica subsp. enterica serovar Enteritidis str. 648901 39-2,Salmonella enterica
ALHO01,Salmonella enterica subsp. enterica serovar Enteritidis str. 648902 6-8,Salmonella enterica
ALHP01,Salmonella enterica subsp. enterica serovar Enteritidis str. 648903 1-6,Salmonella enterica
ALHQ01,Salmonella enterica subsp. enterica serovar Enteritidis str. 648904 3-6,Salmonella enterica
ALHR01,Salmonella enterica subsp. enterica serovar Enteritidis str. 653049 13-19,Salmonella enterica
ALHS01,Salmonella enterica subsp. enterica serovar Enteritidis str. 642044 8-1,Salmonella enterica
ALHT01,Salmonella enterica subsp. enterica serovar Enteritidis str. 561362 9-7,Salmonella enterica
ALHU01,Salmonella enterica subsp. enterica serovar Enteritidis str. 543463 42-20,Salmonella enterica
ALHV01,Salmonella enterica subsp. enterica serovar Enteritidis str. 648901 16-16,Salmonella enterica
ALHW01,Salmonella enterica subsp. enterica serovar Enteritidis str. 76-2651,Salmonella enterica
ALHX01,Salmonella enterica subsp. enterica serovar Enteritidis str. 33944,Salmonella enterica
ALHY01,Salmonella enterica subsp. enterica serovar Enteritidis str. SARB17,Salmonella enterica
ALHZ01,Salmonella enterica subsp. enterica serovar Enteritidis str. 6.0562-1,Salmonella enterica
ALIA01,Salmonella enterica subsp. enterica serovar Enteritidis str. 50-5646,Salmonella enterica
ALIB01,Salmonella enterica subsp. enterica serovar Enteritidis str. 81-2625,Salmonella enterica
ALIC01,Salmonella enterica subsp. enterica serovar Enteritidis str. 62-1976,Salmonella enterica
ALID01,Salmonella enterica subsp. enterica serovar Enteritidis str. 53-407,Salmonella enterica
ALJA02,Burkholderia cenocepacia K56-2Valvano,Burkholderia cenocepacia
AMDX02,Salmonella enterica subsp. enterica serovar Typhimurium str. STm1,Salmonella enterica
AMDY01,Salmonella enterica subsp. enterica serovar Typhimurium str. STm2,Salmonella enterica
AMDZ02,Salmonella enterica subsp. enterica serovar Typhimurium str. STm8,Salmonella enterica
AMEA02,Salmonella enterica subsp. enterica serovar Typhimurium str. STm9,Salmonella enterica
AMEB02,Salmonella enterica subsp. enterica serovar Typhimurium str. STm3,Salmonella enterica
AMEC02,Salmonella enterica subsp. enterica serovar Typhimurium str. STm4,Salmonella enterica
AMED02,Salmonella enterica subsp. enterica serovar Typhimurium str. STm6,Salmonella enterica
AMEE02,Salmonella enterica subsp. enterica serovar Typhimurium str. STm10,Salmonella enterica
AMEF02,Salmonella enterica subsp. enterica serovar Typhimurium str. STm11,Salmonella enterica
AMEG02,Salmonella enterica subsp. enterica serovar Typhimurium str. STm12,Salmonella enterica
AMEH02,Salmonella enterica subsp. enterica serovar Typhimurium str. STm5,Salmonella enterica
AMUH01,Escherichia coli CB7326,Escherichia coli
AMVR01,Escherichia coli O104:H4 str. 11-02030,Escherichia coli
AMVS01,Escherichia coli O104:H4 str. 11-02033-1,Escherichia coli
AMVT01,Escherichia coli O104:H4 str. 11-02092,Escherichia coli
AMVU01,Escherichia coli O104:H4 str. 11-02093,Escherichia coli
AMVV01,Escherichia coli O104:H4 str. 11-02281,Escherichia coli
AMVW01,Escherichia coli O104:H4 str. 11-02318,Escherichia coli
AMVX01,Escherichia coli O104:H4 str. 11-02913,Escherichia coli
AMVY01,Escherichia coli O104:H4 str. 11-03439,Escherichia coli
AMVZ01,Escherichia coli O104:H4 str. 11-04080,Escherichia coli
AMWA01,Escherichia coli O104:H4 str. 11-03943,Escherichia coli
ANGD01,Pseudomonas syringae pv. actinidiae ICMP 18744,Pseudomonas syringae
ANGO01,Campylobacter jejuni subsp. jejuni BIGS0004,Campylobacter jejuni
ANGX01,Campylobacter jejuni subsp. jejuni BIGS0013,Campylobacter jejuni
ANGY01,Campylobacter jejuni subsp. jejuni BIGS0014,Campylobacter jejuni
ANHG01,Campylobacter jejuni subsp. jejuni BIGS0022,Campylobacter jejuni
ANHK01,Campylobacter jejuni subsp. jejuni BIGS0030,Campylobacter jejuni
ANJB01,Pseudomonas syringae pv. actinidiae ICMP 9853,Pseudomonas syringae
ANJC01,Pseudomonas syringae pv. actinidiae ICMP 18708,Pseudomonas syringae
ANJD01,Pseudomonas syringae pv. actinidiae ICMP 18800,Pseudomonas syringae
ANJD01 ,Pseudomonas syringae pv. actinidiae ICMP 18800,Pseudomonas syringae
ANJG01,Pseudomonas syringae pv. actinidiae TP1,Pseudomonas syringae
ANJH01,Pseudomonas syringae pv. actinidiae TP6-1,Pseudomonas syringae
ANJI02,Pseudomonas syringae pv. actinidiae str. Shaanxi_M228,Pseudomonas syringae
ANJJ01,Pseudomonas syringae pv. actinidiae str. Shaanxi_M7,Pseudomonas syringae
ANJK01,Pseudomonas syringae pv. actinidiae ICMP 19455,Pseudomonas syringae
ANJM01,Pseudomonas syringae pv. actinidiae ICMP 19439,Pseudomonas syringae
AOGG01,Salmonella enterica subsp. enterica serovar Newport str. JS09102,Salmonella enterica
AOGH01,Salmonella enterica subsp. enterica serovar Newport str. Henan_3,Salmonella enterica
AOGI01,Salmonella enterica subsp. enterica serovar Newport str. Shandong_3,Salmonella enterica
AOGJ01,Salmonella enterica subsp. enterica serovar Newport str. SH111077,Salmonella enterica
AOJQ01,Pseudomonas syringae pv. actinidiae ICMP 19103,Pseudomonas syringae
AOJR01,Pseudomonas syringae pv. actinidiae ICMP 19073,Pseudomonas syringae
AOJS01,Pseudomonas syringae pv. actinidiae ICMP 19071,Pseudomonas syringae
AOJT01,Pseudomonas syringae pv. actinidiae ICMP 18886,Pseudomonas syringae
AOJU01,Pseudomonas syringae pv. actinidiae ICMP 18804,Pseudomonas syringae
AOJW01,Pseudomonas syringae pv. actinidiae ICMP 19072,Pseudomonas syringae
AOJX01,Pseudomonas syringae pv. actinidiae ICMP 19068,Pseudomonas syringae
AOJY01,Pseudomonas syringae pv. actinidiae ICMP 19070,Pseudomonas syringae
AOJZ01,Pseudomonas syringae pv. actinidiae ICMP 19104,Pseudomonas syringae
AOKA01,Pseudomonas syringae pv. actinidiae ICMP 19102,Pseudomonas syringae
AOKB01,Pseudomonas syringae pv. actinidiae ICMP 9855,Pseudomonas syringae
AOKC01,Pseudomonas syringae pv. actinidiae ICMP 19100,Pseudomonas syringae
AOKD01,Pseudomonas syringae pv. actinidiae ICMP 19099,Pseudomonas syringae
AOKE01,Pseudomonas syringae pv. actinidiae ICMP 19098,Pseudomonas syringae
AOKF01,Pseudomonas syringae pv. actinidiae ICMP 19096,Pseudomonas syringae
AOKG01,Pseudomonas syringae pv. actinidiae ICMP 18807,Pseudomonas syringae
AOKH01,Pseudomonas syringae pv. actinidiae ICMP 18883,Pseudomonas syringae
AOKI01,Pseudomonas syringae pv. actinidiae ICMP 19095,Pseudomonas syringae
AOKJ01,Pseudomonas syringae pv. actinidiae ICMP 19094,Pseudomonas syringae
AOKL01,Pseudomonas syringae pv. actinidiae ICMP 19079,Pseudomonas syringae
AOKM01,Pseudomonas syringae pv. actinidiae ICMP 19101,Pseudomonas syringae
AOKN01,Pseudomonas syringae pv. actinidiae ICMP 19097,Pseudomonas syringae
AOKQ01,Pseudomonas syringae pv. actinidiae ICMP 18801,Pseudomonas syringae
AOXC01,Salmonella enterica subsp. enterica serovar Typhimurium str. AZ 057,Salmonella enterica
AOXD01,Salmonella enterica subsp. enterica serovar Typhimurium str. ST4581,Salmonella enterica
AOXO01,Salmonella enterica subsp. enterica serovar Typhimurium str. SARA13,Salmonella enterica
APAA01,Salmonella enterica subsp. enterica serovar Anatum str. USDA 100,Salmonella enterica
APNP01,Campylobacter jejuni subsp. jejuni ICDCCJ07002,Campylobacter jejuni
APNQ01,Campylobacter jejuni subsp. jejuni ICDCCJ07004,Campylobacter jejuni
APXL01,Escherichia coli BCE008_MS-01,Escherichia coli
APXM01,Escherichia coli BCE011_MS-01,Escherichia coli
APXN01,Escherichia coli BCE030_MS-09,Escherichia coli
APXO01,Escherichia coli BCE032_MS-12,Escherichia coli
APZM01,Escherichia coli BCE006_MS-23,Escherichia coli
AQCX01,Escherichia coli C-34666,Escherichia coli
AQCY01,Escherichia coli BCE034_MS-14,Escherichia coli
AQCZ01,Escherichia coli BCE019_MS-13,Escherichia coli
AQDA01,Escherichia coli BCE002_MS12,Escherichia coli
AQFI01,Escherichia coli BCE008_MS-13,Escherichia coli
AQFJ01,Escherichia coli BCE007_MS-11,Escherichia coli
AQFK01,Escherichia coli BCE001_MS16,Escherichia coli
AQIS01,Brucella abortus 544,Brucella abortus
AROB01,Salmonella enterica subsp. enterica serovar Typhimurium str. L945,Salmonella enterica
AROC01,Salmonella enterica subsp. enterica serovar Typhimurium str. L852,Salmonella enterica
AROD01,Salmonella enterica subsp. enterica serovar Typhimurium str. L927,Salmonella enterica
AROE01,Salmonella enterica subsp. enterica serovar Typhimurium str. L904,Salmonella enterica
AROF01,Salmonella enterica subsp. enterica serovar Typhimurium str. L796,Salmonella enterica
AROG01,Salmonella enterica subsp. enterica serovar Typhimurium str. L847,Salmonella enterica
ARYE01,Campylobacter jejuni subsp. jejuni HN-CJD07035,Campylobacter jejuni
ARYP01,Salmonella enterica subsp. enterica serovar Anatum str. 06-0532,Salmonella enterica
ASHA01,Escherichia coli O157 str. NCCP15739,Escherichia coli
ASHB01,Escherichia coli O157 str. NCCP15738,Escherichia coli
ASJG01,Pseudomonas aeruginosa PAO1-CipR,Pseudomonas aeruginosa
ASWV01,Pseudomonas aeruginosa PA14,Pseudomonas aeruginosa
ASWV01 ,Pseudomonas aeruginosa PA14,Pseudomonas aeruginosa
ASXF01,Lactococcus lactis subsp. cremoris TIFN1,Lactococcus lactis
ATBA01,Lactococcus lactis subsp. cremoris TIFN7,Lactococcus lactis
ATBB01,Lactococcus lactis subsp. cremoris TIFN6,Lactococcus lactis
ATBC01,Lactococcus lactis subsp. cremoris TIFN5,Lactococcus lactis
ATBE01,Lactococcus lactis subsp. cremoris TIFN3,Lactococcus lactis
ATBQ01,Lactobacillus delbrueckii subsp. lactis CRL581,Lactobacillus delbrueckii
ATEW01,Escherichia coli CE418,Escherichia coli
ATEX01,Escherichia coli CE516,Escherichia coli
ATEY01,Escherichia coli CE549,Escherichia coli
ATFS01,Salmonella enterica subsp. enterica serovar Enteritidis str. 08-1080,Salmonella enterica
ATFT01,Salmonella enterica subsp. enterica serovar Enteritidis str. 2009K0958,Salmonella enterica
ATFU01,Salmonella enterica subsp. enterica serovar Enteritidis str. 2009K1651,Salmonella enterica
ATFV01,Salmonella enterica subsp. enterica serovar Enteritidis str. 2009K1726,Salmonella enterica
ATFW01,Salmonella enterica subsp. enterica serovar Enteritidis str. 2010K-0262,Salmonella enterica
ATFX01,Salmonella enterica subsp. enterica serovar Enteritidis str. 2010K-0267,Salmonella enterica
ATFY01,Salmonella enterica subsp. enterica serovar Enteritidis str. 2010K-0271,Salmonella enterica
ATFZ01,Salmonella enterica subsp. enterica serovar Enteritidis str. 2010K-0284,Salmonella enterica
ATGA01,Salmonella enterica subsp. enterica serovar Enteritidis str. 2010K-0286,Salmonella enterica
ATLG01 ,Cellulophaga baltica #4,Cellulophaga baltica
ATLH01 ,Cellulophaga baltica #13,Cellulophaga baltica
ATWR01,Salmonella enterica subsp. enterica serovar Typhimurium str. STm7,Salmonella enterica
ATYQ01 ,Rhizobium leguminosarum bv. viciae VF39,Rhizobium leguminosarum
AUQL01,Salmonella enterica subsp. enterica serovar Typhimurium str. CDC_2009K1288,Salmonella enterica
AUQM01,Salmonella enterica subsp. enterica serovar Typhimurium str. CDC_2009K1158,Salmonella enterica
AUQN01,Salmonella enterica subsp. enterica serovar Typhimurium str. CDC_2009K1283,Salmonella enterica
AUQO01,Salmonella enterica subsp. enterica serovar Typhimurium str. CDC_2009K1277,Salmonella enterica
AUQP01,Salmonella enterica subsp. enterica serovar Newport str. #11-4,Salmonella enterica
AUQQ01,Salmonella enterica subsp. enterica serovar Newport str. #11-3,Salmonella enterica
AUQR01,Salmonella enterica subsp. enterica serovar Newport str. #11-2,Salmonella enterica
AUQT01,Salmonella enterica subsp. enterica serovar Typhimurium str. 34502,Salmonella enterica
AUQU01,Salmonella enterica subsp. enterica serovar Typhimurium str. 35423,Salmonella enterica
AUQV01,Salmonella enterica subsp. enterica serovar Typhimurium str. 36618,Salmonella enterica
AUVD01,Salmonella enterica subsp. enterica serovar Typhimurium str. ST1489,Salmonella enterica
AUVE01,Salmonella enterica subsp. enterica serovar Typhimurium str. ST78896,Salmonella enterica
AUXE01,Salmonella enterica subsp. enterica serovar Typhimurium str. ST4848,Salmonella enterica
AVCD01,Escherichia coli O157:H7 str. F8092B,Escherichia coli
AVQS01,Escherichia coli B102,Escherichia coli
AVQT01,Escherichia coli B107,Escherichia coli
AVQU01,Escherichia coli B26-1,Escherichia coli
AVQV01,Escherichia coli B26-2,Escherichia coli
AVQW01,Escherichia coli B28-1,Escherichia coli
AVQX01,Escherichia coli B28-2,Escherichia coli
AVQY01,Escherichia coli B29-1,Escherichia coli
AVQZ01,Escherichia coli B29-2,Escherichia coli
AVRA01,Escherichia coli B36-1,Escherichia coli
AVRB01,Escherichia coli B36-2,Escherichia coli
AVRC01,Escherichia coli B7-1,Escherichia coli
AVRD01,Escherichia coli B7-2,Escherichia coli
AVRE01,Escherichia coli B93,Escherichia coli
AVRF01,Escherichia coli B94,Escherichia coli
AVRG01,Escherichia coli B95,Escherichia coli
AVRL01,Escherichia coli Bd5610_99,Escherichia coli
AVRS01,Escherichia coli B103,Escherichia coli
AVRT01,Escherichia coli B104,Escherichia coli
AVRU01,Escherichia coli B105,Escherichia coli
AVRV01,Escherichia coli B106,Escherichia coli
AVRW01,Escherichia coli B108,Escherichia coli
AVRX01,Escherichia coli B109,Escherichia coli
AVRY01,Escherichia coli B112,Escherichia coli
AVRZ01,Escherichia coli B113,Escherichia coli
AVSA01,Escherichia coli B114,Escherichia coli
AVSB01,Escherichia coli B15,Escherichia coli
AVSC01,Escherichia coli B17,Escherichia coli
AVSD01,Escherichia coli B40-1,Escherichia coli
AVSE01,Escherichia coli B40-2,Escherichia coli
AVSF01,Escherichia coli B49-2,Escherichia coli
AVSG01,Escherichia coli B5-2,Escherichia coli
AVSH01,Escherichia coli B83,Escherichia coli
AVSI01,Escherichia coli B84,Escherichia coli
AVSJ01,Escherichia coli B85,Escherichia coli
AVSK01,Escherichia coli B86,Escherichia coli
AVSL01,Escherichia coli B89,Escherichia coli
AVSM01,Escherichia coli B90,Escherichia coli
AWOI01,Salmonella enterica subsp. enterica serovar Enteritidis str. 10-34587,Salmonella enterica
AXLH01,Escherichia coli BWH 24,Escherichia coli
AXLI01,Escherichia coli BIDMC 19C,Escherichia coli
AYDM01,Salmonella enterica subsp. enterica serovar Newport str. 637564_17,Salmonella enterica
AYDY01,Salmonella enterica subsp. enterica serovar Newport str. RI_10P079,Salmonella enterica
AYDZ01,Salmonella enterica subsp. enterica serovar Newport str. RI_10P078,Salmonella enterica
AYEA01,Salmonella enterica subsp. enterica serovar Newport str. RI_10P069,Salmonella enterica
AYEB01,Salmonella enterica subsp. enterica serovar Newport str. RI_10P068,Salmonella enterica
AYEC01,Salmonella enterica subsp. enterica serovar Newport str. WA_14900,Salmonella enterica
AYED01,Salmonella enterica subsp. enterica serovar Newport str. WA_14885,Salmonella enterica
AYEE01,Salmonella enterica subsp. enterica serovar Newport str. WA_14882,Salmonella enterica
AYEF01,Salmonella enterica subsp. enterica serovar Newport str. WA_14881,Salmonella enterica
AYEG01,Salmonella enterica subsp. enterica serovar Newport str. VA_R100512572,Salmonella enterica
AYEH01,Salmonella enterica subsp. enterica serovar Newport str. VA_R100512570,Salmonella enterica
AYEI01,Salmonella enterica subsp. enterica serovar Newport str. VA_R100506907,Salmonella enterica
AYHT01,Escherichia coli BIDMC 39,Escherichia coli
AYHU01,Escherichia coli BIDMC 38,Escherichia coli
AYHV01,Escherichia coli BIDMC 37,Escherichia coli
AYIO01,Escherichia coli BWH 32,Escherichia coli
AYUO01,Salmonella enterica subsp. enterica serovar Typhimurium var. 5- str. CFSAN004345,Salmonella enterica
AYVI01,Salmonella enterica subsp. enterica serovar Enteritidis str. 3402,Salmonella enterica
AYVJ01,Salmonella enterica subsp. enterica serovar Typhimurium var. Copenhagen str. 0084,Salmonella enterica
AZJX01 ,Oenococcus oeni S11,Oenococcus oeni
AZKB01 ,Oenococcus oeni S13,Oenococcus oeni
AZNS01,Campylobacter jejuni subsp. jejuni 81-176-UMCW7,Campylobacter jejuni
AZNT01,Campylobacter jejuni subsp. jejuni 81-176-DRH212,Campylobacter jejuni
AZQV01,Campylobacter jejuni subsp. jejuni 81-176-UMCW9,Campylobacter jejuni
AZSI01,Lactococcus lactis subsp. cremoris GE214,Lactococcus lactis
AZUG01 ,Pseudomonas aeruginosa PAK,Pseudomonas aeruginosa
BAKU01,Salmonella enterica subsp. enterica serovar Typhimurium str. JCM 1652,Salmonella enterica
BALI01,Campylobacter jejuni subsp. jejuni JCM 2013,Campylobacter jejuni
CAAQ01,Salmonella enterica subsp. enterica serovar Typhi str. 404ty,Salmonella enterica
CAAR01,Salmonella enterica subsp. enterica serovar Typhi str. E00-7866,Salmonella enterica
CAAS01,Salmonella enterica subsp. enterica serovar Typhi str. E01-6750,Salmonella enterica
CAAT01,Salmonella enterica subsp. enterica serovar Typhi str. E02-1180,Salmonella enterica
CAAU01,Salmonella enterica subsp. enterica serovar Typhi str. E98-0664,Salmonella enterica
CAAV01,Salmonella enterica subsp. enterica serovar Typhi str. E98-2068,Salmonella enterica
CAAW01,Salmonella enterica subsp. enterica serovar Typhi str. J185,Salmonella enterica
CAAX01,Salmonella enterica subsp. enterica serovar Typhi str. M223,Salmonella enterica
CAAY01,Salmonella enterica subsp. enterica serovar Typhi str. AG3,Salmonella enterica
CAAZ01,Salmonella enterica subsp. enterica serovar Typhi str. E98-3139,Salmonella enterica
CAFR01,Campylobacter jejuni subsp. jejuni xy259,Campylobacter jejuni
CAFS01,Campylobacter jejuni subsp. jejuni RB922,Campylobacter jejuni
CAFT01,Campylobacter jejuni subsp. jejuni 6399,Campylobacter jejuni
CAFU01,Campylobacter jejuni subsp. jejuni 04197,Campylobacter jejuni
CAFV01,Campylobacter jejuni subsp. jejuni 04199,Campylobacter jejuni
CAGR02,Salmonella enterica subsp. enterica serovar Enteritidis str. LA5,Salmonella enterica
CAOR02,Xanthomonas campestris pv. campestris str. Xca5,Xanthomonas campestris
CAOT01,Escherichia coli O157:H7 str. H093800014,Escherichia coli
CCDV01,Lactobacillus delbrueckii subsp. lactis,Lactobacillus delbrueckii
CDLI01,Salmonella enterica subsp. enterica serovar Typhi,Salmonella enterica
CM001890.1,Xanthomonas campestris pv. campestris str. CN15,Xanthomonas campestris
CM001897.1,Xanthomonas campestris pv. campestris str. CN16,Xanthomonas campestris
CP000312.1 ,Clostridium perfringens SM101,Clostridium perfringens
CP000410.1 ,Streptococcus pneumoniae D39,Streptococcus pneumoniae
CP001733.1 ,Aggregatibacter actinomycetemcomitans D11S-1,Aggregatibacter actinomycetemcomitans
CP002491.1 ,Enterococcus faecalis 62,Enterococcus faecalis
CP002888.1 ,Streptococcus salivarius 57.I,Streptococcus salivarius
CP003184.1 ,Thermoanaerobacterium saccharolyticum JW/SL-YS485,Thermoanaerobacterium saccharolyticum
CP003871.3,Campylobacter jejuni subsp. jejuni PT14,Campylobacter jejuni
CP006698.1,synthetic Escherichia coli C321.deltaA,Escherichia coli
CP006831.1,Pseudomonas aeruginosa PAO1-VE2,Pseudomonas aeruginosa
CP006832.1,Pseudomonas aeruginosa PAO1-VE13,Pseudomonas aeruginosa
CP007270.1,Salmonella enterica subsp. enterica serovar Enteritidis str. EC20121176,Salmonella enterica
CP007271.1,Salmonella enterica subsp. enterica serovar Enteritidis str. EC20121178,Salmonella enterica
CP007272.1,Salmonella enterica subsp. enterica serovar Enteritidis str. EC20121179,Salmonella enterica
CP007273.1,Salmonella enterica subsp. enterica serovar Enteritidis str. EC20121180,Salmonella enterica
CP007292.1,Salmonella enterica subsp. enterica serovar Enteritidis str. SA19994216,Salmonella enterica
CP007295.1,Salmonella enterica subsp. enterica serovar Enteritidis str. SA20084384,Salmonella enterica
CP007296.1,Salmonella enterica subsp. enterica serovar Enteritidis str. SA20090419,Salmonella enterica
CP007301.1,Salmonella enterica subsp. enterica serovar Enteritidis str. SA20091739,Salmonella enterica
CP007319.1,Salmonella enterica subsp. enterica serovar Enteritidis str. SA20095440,Salmonella enterica
CP007333.1,Salmonella enterica subsp. enterica serovar Enteritidis str. EC20121177,Salmonella enterica
CP007335.1,Salmonella enterica subsp. enterica serovar Enteritidis str. EC20120580,Salmonella enterica
CP007339.1,Salmonella enterica subsp. enterica serovar Enteritidis str. EC20120685,Salmonella enterica
CP007342.1,Salmonella enterica subsp. enterica serovar Enteritidis str. EC20120697,Salmonella enterica
CP007344.1,Salmonella enterica subsp. enterica serovar Enteritidis str. EC20120213,Salmonella enterica
CP007352.1,Salmonella enterica subsp. enterica serovar Enteritidis str. EC20120498,Salmonella enterica
CP007353.1,Salmonella enterica subsp. enterica serovar Enteritidis str. EC20120505,Salmonella enterica
CP007354.1,Salmonella enterica subsp. enterica serovar Enteritidis str. EC20120528,Salmonella enterica
CP007365.1,Salmonella enterica subsp. enterica serovar Enteritidis str. EC20120994,Salmonella enterica
CP007366.1,Salmonella enterica subsp. enterica serovar Enteritidis str. EC20121004,Salmonella enterica
CP007367.1,Salmonella enterica subsp. enterica serovar Enteritidis str. EC20121541,Salmonella enterica
CP007423.1,Salmonella enterica subsp. enterica serovar Enteritidis str. EC20130347,Salmonella enterica
CP007425.1,Salmonella enterica subsp. enterica serovar Enteritidis str. SA20082034,Salmonella enterica
CP007426.1,Salmonella enterica subsp. enterica serovar Enteritidis str. SA20085285,Salmonella enterica
CP007427.1,Salmonella enterica subsp. enterica serovar Enteritidis str. SA20100239,Salmonella enterica
CP007428.1,Salmonella enterica subsp. enterica serovar Enteritidis str. EC20120677,Salmonella enterica
CP007438.1,Salmonella enterica subsp. enterica serovar Enteritidis str. EC20120009,Salmonella enterica
CP007466.1,Salmonella enterica subsp. enterica serovar Enteritidis str. SA20084644,Salmonella enterica
CP007467.1,Salmonella enterica subsp. enterica serovar Enteritidis str. SA20084824,Salmonella enterica
CP007468.1,Salmonella enterica subsp. enterica serovar Enteritidis str. SA20094177,Salmonella enterica
CP007469.1,Salmonella enterica subsp. enterica serovar Enteritidis str. SA20094301,Salmonella enterica
CP007483.1,Salmonella enterica subsp. enterica serovar Anatum str. USDA-ARS-USMARC-1175,Salmonella enterica
CP009565.1,Salmonella enterica subsp. enterica serovar Newport str. CVM 21554,Salmonella enterica
JABZ01,Salmonella enterica subsp. enterica serovar Typhi str. STH2370,Salmonella enterica
JAPE01,Escherichia coli BIDMC 43b,Escherichia coli
JAPF01,Escherichia coli BIDMC 43a,Escherichia coli
JAPG01,Escherichia coli BIDMC 20B,Escherichia coli
JAPH01,Escherichia coli BIDMC 20A,Escherichia coli
JAPI01,Escherichia coli BIDMC 19B,Escherichia coli
JAPJ01,Escherichia coli BIDMC 19A,Escherichia coli
JAPK01,Escherichia coli BIDMC 17B,Escherichia coli
JAPL01,Escherichia coli BIDMC 17A,Escherichia coli
JAPM01,Escherichia coli BIDMC 15,Escherichia coli
JAPN01,Escherichia coli BIDMC 9,Escherichia coli
JAPP01,Escherichia coli BIDMC 3,Escherichia coli
JAPQ01,Escherichia coli BIDMC 2B,Escherichia coli
JAPR01,Escherichia coli BWH 40,Escherichia coli
JAPS01,Escherichia coli BWH 34,Escherichia coli
JAPT01,Escherichia coli BIDMC 49b,Escherichia coli
JAPU01,Escherichia coli BIDMC 49a,Escherichia coli
JAPV01,Escherichia coli BIDMC 6,Escherichia coli
JARI01,Pseudomonas aeruginosa PA103,Pseudomonas aeruginosa
JAUH01,Lactococcus lactis subsp. cremoris HP,Lactococcus lactis
JEOC01,Bacillus thuringiensis serovar israelensis,Bacillus thuringiensis
JHAE01,Salmonella enterica subsp. enterica serovar Typhimurium str. 95799,Salmonella enterica
JHAF01,Salmonella enterica subsp. enterica serovar Typhimurium str. 98346,Salmonella enterica
JHAG01,Salmonella enterica subsp. enterica serovar Typhimurium str. 104772,Salmonella enterica
JHAH01,Salmonella enterica subsp. enterica serovar Typhimurium str. 108402,Salmonella enterica
JHAI01,Salmonella enterica subsp. enterica serovar Typhimurium str. 116045,Salmonella enterica
JHGC01,Escherichia coli O157:H7 str. 2009EL2109,Escherichia coli
JHGD01,Escherichia coli O157:H7 str. 2009EL1913,Escherichia coli
JHGE01,Escherichia coli O157:H7 str. 2009EL1705,Escherichia coli
JHGF01,Escherichia coli O157:H7 str. 2009EL1449,Escherichia coli
JHGQ01,Escherichia coli O157:H7 str. 2009C-4258,Escherichia coli
JHHH01,Escherichia coli O157:NM str. 08-4540,Escherichia coli
JHHI01,Escherichia coli O157:H7 str. 08-4529,Escherichia coli
JHHK01,Escherichia coli O157:H7 str. K7140,Escherichia coli
JHHV01,Escherichia coli O157:H7 str. K6687,Escherichia coli
JHHW01,Escherichia coli O157:H7 str. K6676,Escherichia coli
JHHX01,Escherichia coli O157:H7 str. K6590,Escherichia coli
JHHY01,Escherichia coli O157:H7 str. K5852,Escherichia coli
JHHZ01,Escherichia coli O157:H7 str. K5806,Escherichia coli
JHIA01,Escherichia coli O157:H7 str. K5609,Escherichia coli
JHIB01,Escherichia coli O157:H7 str. K5607,Escherichia coli
JHIC01,Escherichia coli O157:H7 str. K5602,Escherichia coli
JHID01,Escherichia coli O157:H7 str. K5467,Escherichia coli
JHIE01,Escherichia coli O157:H7 str. K5460,Escherichia coli
JHIF01,Escherichia coli O157:H7 str. K5453,Escherichia coli
JHIG01,Escherichia coli O157:H7 str. K5449,Escherichia coli
JHIH01,Escherichia coli O157:H7 str. K5448,Escherichia coli
JHII01,Escherichia coli O157:H7 str. K5418,Escherichia coli
JHIL01,Escherichia coli O157:H7 str. K4527,Escherichia coli
JHIM01,Escherichia coli O157:H7 str. K4406,Escherichia coli
JHIN01,Escherichia coli O157:H7 str. K4405,Escherichia coli
JHIO01,Escherichia coli O157:H7 str. K4396,Escherichia coli
JHIP01,Escherichia coli O157:H7 str. K2854,Escherichia coli
JHIQ01,Escherichia coli O157:H7 str. K2845,Escherichia coli
JHIR01,Escherichia coli O157:H7 str. K2622,Escherichia coli
JHIS01,Escherichia coli O157:H7 str. K2581,Escherichia coli
JHIT01,Escherichia coli O157:H7 str. K2324,Escherichia coli
JHIU01,Escherichia coli O157:H7 str. K2192,Escherichia coli
JHIV01,Escherichia coli O157:H7 str. K2191,Escherichia coli
JHIW01,Escherichia coli O157:H7 str. K2188,Escherichia coli
JHIX01,Escherichia coli O157:H7 str. K1927,Escherichia coli
JHIY01,Escherichia coli O157:H7 str. K1921,Escherichia coli
JHIZ01,Escherichia coli O157:H7 str. K1845,Escherichia coli
JHJA01,Escherichia coli O157:H7 str. K1796,Escherichia coli
JHJB01,Escherichia coli O157:H7 str. K1795,Escherichia coli
JHJC01,Escherichia coli O157:H7 str. K1793,Escherichia coli
JHJD01,Escherichia coli O157:H7 str. K1792,Escherichia coli
JHJF01,Escherichia coli O157:H7 str. K1420,Escherichia coli
JHJG01,Escherichia coli O157:H7 str. H2498,Escherichia coli
JHJH01,Escherichia coli O157:H7 str. H2495,Escherichia coli
JHJI01,Escherichia coli O157:H7 str. G5303,Escherichia coli
JHJK01,Escherichia coli O157:H7 str. F7410,Escherichia coli
JHJL01,Escherichia coli O157:H7 str. F7384,Escherichia coli
JHJM01,Escherichia coli O157:H7 str. F7377,Escherichia coli
JHJN01,Escherichia coli O157:H7 str. F7350,Escherichia coli
JHJO01,Escherichia coli O157:H7 str. F6751,Escherichia coli
JHJP01,Escherichia coli O157:H7 str. F6750,Escherichia coli
JHJQ01,Escherichia coli O157:H7 str. F6749,Escherichia coli
JHJT01,Escherichia coli O157:H7 str. F6142,Escherichia coli
JHJY01,Escherichia coli O157:H16 str. 98-3133,Escherichia coli
JHKA01,Escherichia coli O157:H7 str. 2011EL-2313,Escherichia coli
JHKB01,Escherichia coli O157:H7 str. 2011EL-2312,Escherichia coli
JHKC01,Escherichia coli O157:H7 str. 2011EL-2290,Escherichia coli
JHKD01,Escherichia coli O157:H7 str. 2011EL-2289,Escherichia coli
JHKE01,Escherichia coli O157:H7 str. 2011EL-2288,Escherichia coli
JHKF01,Escherichia coli O157:H7 str. 2011EL-2287,Escherichia coli
JHKG01,Escherichia coli O157:H7 str. 2011EL-2286,Escherichia coli
JHKH01,Escherichia coli O157:H7 str. 2011EL-2114,Escherichia coli
JHKI01,Escherichia coli O157:H7 str. 2011EL-2113,Escherichia coli
JHKJ01,Escherichia coli O157:H7 str. 2011EL-2112,Escherichia coli
JHKK01,Escherichia coli O157:H7 str. 2011EL-2111,Escherichia coli
JHKL01,Escherichia coli O157:H7 str. 2011EL-2109,Escherichia coli
JHKM01,Escherichia coli O157:H7 str. 2011EL-2108,Escherichia coli
JHKN01,Escherichia coli O157:H7 str. 2011EL-2107,Escherichia coli
JHKO01,Escherichia coli O157:H7 str. 2011EL-2106,Escherichia coli
JHKP01,Escherichia coli O157:H7 str. 2011EL-2105,Escherichia coli
JHKQ01,Escherichia coli O157:H7 str. 2011EL-2104,Escherichia coli
JHKR01,Escherichia coli O157:H7 str. 2011EL-2103,Escherichia coli
JHKS01,Escherichia coli O157:H7 str. 2011EL-2101,Escherichia coli
JHKT01,Escherichia coli O157:H7 str. 2011EL-2099,Escherichia coli
JHKW01,Escherichia coli O157:H7 str. 08-4169,Escherichia coli
JHKY01,Escherichia coli O157:H7 str. 08-3527,Escherichia coli
JHKZ01,Escherichia coli O157:H7 str. 08-3037,Escherichia coli
JHLB01,Escherichia coli O157:H7 str. 2011EL-2098,Escherichia coli
JHLC01,Escherichia coli O157:H7 str. 2011EL-2097,Escherichia coli
JHLD01,Escherichia coli O157:H7 str. 2011EL-2096,Escherichia coli
JHLE01,Escherichia coli O157:H7 str. 2011EL-2094,Escherichia coli
JHLF01,Escherichia coli O157:H7 str. 2011EL-2093,Escherichia coli
JHLG01,Escherichia coli O157:H7 str. 2011EL-2092,Escherichia coli
JHLH01,Escherichia coli O157:H7 str. 2011EL-2091,Escherichia coli
JHLI01,Escherichia coli O157:H7 str. 2011EL-2090,Escherichia coli
JHLJ01,Escherichia coli O104:H4 str. 2011EL-1675A,Escherichia coli
JHLK01,Escherichia coli O157:H7 str. 2011EL-1107,Escherichia coli
JHMD01,Escherichia coli O157: str. 2010EL-2045,Escherichia coli
JHME01,Escherichia coli O157: str. 2010EL-2044,Escherichia coli
JHMK01,Escherichia coli O157:H7 str. 2010C-4979C1,Escherichia coli
JHNE01,Escherichia coli O157:H7 str. 07-3391,Escherichia coli
JHNF01,Escherichia coli O157:H7 str. 07-3091,Escherichia coli
JHNG01,Escherichia coli O157:H7 str. 06-4039,Escherichia coli
JHNI01,Escherichia coli O157:H7 str. 06-3745,Escherichia coli
JIEO01,Pseudomonas aeruginosa PAO1-GFP,Pseudomonas aeruginosa
JJMX01,Escherichia coli BIDMC 83,Escherichia coli
JJMY01,Escherichia coli BIDMC 82,Escherichia coli
JJOJ01,Escherichia coli O157:H7 str. 09BKT002497,Escherichia coli
JJOK01,Escherichia coli O157:H7 str. T1543_06,Escherichia coli
JJOL01,Escherichia coli O157:H7 str. 08BKT061141,Escherichia coli
JJOM01,Escherichia coli O157:H7 str. 09BKT048303,Escherichia coli
JMUW01,Escherichia coli BIDMC 58,Escherichia coli
JMUX01,Escherichia coli BIDMC 59,Escherichia coli
JMUY01,Escherichia coli BIDMC 62,Escherichia coli
JMUZ01,Escherichia coli BIDMC 63,Escherichia coli
JMVA01,Escherichia coli BIDMC 64,Escherichia coli
JMVB01,Escherichia coli BIDMC 65,Escherichia coli
JMVC01,Escherichia coli BIDMC 70,Escherichia coli
JMVD01,Escherichia coli BIDMC 71,Escherichia coli
JMVE01,Escherichia coli BIDMC 72,Escherichia coli
JMVF01,Escherichia coli BIDMC 73,Escherichia coli
JMVG01,Escherichia coli BIDMC 74,Escherichia coli
JMVH01,Escherichia coli BIDMC 75,Escherichia coli
JMVI01,Escherichia coli BIDMC 76,Escherichia coli
JMVJ01,Escherichia coli BIDMC 77,Escherichia coli
JMVK01,Escherichia coli BIDMC 78,Escherichia coli
JMVL01,Escherichia coli BIDMC 79,Escherichia coli
JMVM01,Escherichia coli CHS 68,Escherichia coli
JMVN01,Escherichia coli CHS 69,Escherichia coli
JMVO01,Escherichia coli CHS 77,Escherichia coli
JPOY01 ,Sulfitobacter sp. CB2047,NA
JQIC01,Lactococcus lactis subsp. cremoris,Lactococcus lactis
JTED01,Salmonella enterica subsp. enterica serovar Typhimurium str. 86-0368,Salmonella enterica
JUJG01,Pectobacterium carotovorum subsp. carotovorum,Pectobacterium carotovorum
JXBV01,Escherichia coli C691-71 (14b),Escherichia coli
JXRV01,Lactobacillus delbrueckii subsp. bulgaricus,Lactobacillus delbrueckii
JXTA01,Aeromonas salmonicida subsp. salmonicida,Aeromonas salmonicida
NC_002163.1,Campylobacter jejuni subsp. jejuni NCTC 11168 = ATCC 700819,Campylobacter jejuni
NC_002179.2 ,Chlamydophila pneumoniae AR39,Chlamydia pneumoniae
NC_002516.2,Pseudomonas aeruginosa PAO1,Pseudomonas aeruginosa
NC_002695.1,Escherichia coli O157:H7 str. Sakai,Escherichia coli
NC_002696.2 ,Caulobacter crescentus CB15,Caulobacter vibrioides
NC_002754.1 ,Sulfolobus solfataricus P2,Sulfolobus solfataricus
NC_003098.1 ,Streptococcus pneumoniae R6,Streptococcus pneumoniae
NC_003197.1,Salmonella enterica subsp. enterica serovar Typhimurium str. LT2,Salmonella enterica
NC_003197.1 ,Salmonella enterica subsp. enterica serovar Typhimurium str. LT2,Salmonella enterica
NC_003198.1,Salmonella enterica subsp. enterica serovar Typhi str. CT18,Salmonella enterica
NC_003888.3 ,Streptomyces coelicolor A3/2,Streptomyces coelicolor
NC_003902.1,Xanthomonas campestris pv. campestris str. ATCC 33913,Xanthomonas campestris
NC_003910.7 ,Colwellia psychrerythaea strain 34H,Colwellia psychrerythraea
NC_003911.12 ,Ruegeria pomeroyi DSS-3,Ruegeria pomeroyi
NC_004337.2,Shigella flexneri 2a str. 301,Shigella flexneri
NC_004547.2 ,Pectobacterium atrosepticum SCRI1043,Pectobacterium atrosepticum
NC_005042.1 ,Prochlorococcus marinus SS120,Prochlorococcus marinus
NC_005070.1 ,Synechococcus sp. WH 8102,NA
NC_005071.1 ,Prochlorococcus marinus str. MIT 9313,Prochlorococcus marinus
NC_005072.1 ,Prochlorococcus marinus MED4,Prochlorococcus marinus
NC_005835.1 ,Thermus thermophilus HB27,Thermus thermophilus
NC_006461.1 ,Thermus thermophilus HB8,Thermus thermophilus
NC_007086.1,Xanthomonas campestris pv. campestris str. 8004,Xanthomonas campestris
NC_007205.1 ,Candidatus Pelagibacter ubique HTCC1062,Candidatus Pelagibacter ubique
NC_007335.2 ,Prochlorococcus marinus str. NATL2A,Prochlorococcus marinus
NC_007577.1 ,Prochlorococcus marinus str. MIT 9312,Prochlorococcus marinus
NC_007712.1 ,Sodalis glossinidius str. 'morsitans',Sodalis glossinidius
NC_007795.1 ,Staphylococcus aureus subsp. aureus NCTC 8325,Staphylococcus aureus
NC_008054.1,Lactobacillus delbrueckii subsp. bulgaricus ATCC 11842 = JCM 1002,Lactobacillus delbrueckii
NC_008054.1 ,Lactobacillus delbrueckii ATCC 11842,Lactobacillus delbrueckii
NC_008380.1 ,Rhizobium leguminosarum bv. viciae 3841,Rhizobium leguminosarum
NC_008527.1,Lactococcus lactis subsp. cremoris SK11,Lactococcus lactis
NC_008529.1,Lactobacillus delbrueckii subsp. bulgaricus ATCC BAA-365,Lactobacillus delbrueckii
NC_008542.1 ,Burkholderia cenocepacia HI2424,Burkholderia cenocepacia
NC_008787.1,Campylobacter jejuni subsp. jejuni 81-176,Campylobacter jejuni
NC_008817.1 ,Prochlorococcus marinus str. MIT 9515,Prochlorococcus marinus
NC_008819.1 ,Prochlorococcus marinus str. NATL1A,Prochlorococcus marinus
NC_008820.1 ,Prochlorococcus marinus str. MIT 9303,Prochlorococcus marinus
NC_009004.1,Lactococcus lactis subsp. cremoris MG1363,Lactococcus lactis
NC_009004.1 ,Lactococcus lactis subsp. cremoris MG1363,Lactococcus lactis
NC_009480.1,Clavibacter michiganensis subsp. michiganensis NCPPB 382,Clavibacter michiganensis
NC_009481.1 ,Synechococcus sp. WH 7803,NA
NC_009839.1,Campylobacter jejuni subsp. jejuni 81116,Campylobacter jejuni
NC_010688.1,Xanthomonas campestris pv. campestris,Xanthomonas campestris
NC_011080.1,Salmonella enterica subsp. enterica serovar Newport str. SL254,Salmonella enterica
NC_011294.1,Salmonella enterica subsp. enterica serovar Enteritidis str. P125109,Salmonella enterica
NC_011353.1,Escherichia coli O157:H7 str. EC4115,Escherichia coli
NC_012660.1 ,Pseudomonas fluorescens SBW25,Pseudomonas fluorescens
NC_012759.1,Escherichia coli BW2952,Escherichia coli
NC_012917.1,Pectobacterium carotovorum subsp. carotovorum PC1,Pectobacterium carotovorum
NC_012967.1,Escherichia coli B str. REL606,Escherichia coli
NC_012971.2,Escherichia coli BL21/DE3,Escherichia coli
NC_013008.1,Escherichia coli O157:H7 str. TW14359,Escherichia coli
NC_014010.1 ,Candidatus Puniceispirillum marinum IMCC1322,Candidatus Puniceispirillum marinum
NC_014230.1 ,Croceibacter atlanticus HTCC2559,Croceibacter atlanticus
NC_014727.1,Lactobacillus delbrueckii subsp. bulgaricus ND02,Lactobacillus delbrueckii
NC_014802.1,Campylobacter jejuni subsp. jejuni ICDCCJ07001,Campylobacter jejuni
NC_015183.1 ,Agrobacterium sp. H13-3,NA
NC_015948.1 ,Haloarcula hispanica ATCC 33960,Haloarcula hispanica
NC_016810.1,Salmonella enterica subsp. enterica serovar Typhimurium str. SL1344,Salmonella enterica
NC_016810.1 ,Salmonella enterica subsp. enterica serovar Typhimurium str. SL1344,Salmonella enterica
NC_016832.1,Salmonella enterica subsp. enterica serovar Typhi str. P-stx-12,Salmonella enterica
NC_016854.1,Salmonella enterica subsp. enterica serovar Typhimurium str. D23580,Salmonella enterica
NC_016856.1,Salmonella enterica subsp. enterica serovar Typhimurium str. 14028S,Salmonella enterica
NC_016856.1 ,Salmonella enterica subsp. enterica serovar Typhimurium str. 14028S,Salmonella enterica
NC_016857.1,Salmonella enterica subsp. enterica serovar Typhimurium str. ST4/74,Salmonella enterica
NC_016860.1,Salmonella enterica subsp. enterica serovar Typhimurium str. T000240,Salmonella enterica
NC_016863.1,Salmonella enterica subsp. enterica serovar Typhimurium str. UK-1,Salmonella enterica
NC_017046.1,Salmonella enterica subsp. enterica serovar Typhimurium str. 798,Salmonella enterica
NC_017196.2,Bacillus subtilis subsp. natto BEST195,Bacillus subtilis
NC_017196.2 ,Bacillus subtilis subsp. natto BEST195,Bacillus subtilis
NC_017279.1,Campylobacter jejuni subsp. jejuni IA3902,Campylobacter jejuni
NC_017280.1,Campylobacter jejuni subsp. jejuni M1,Campylobacter jejuni
NC_017281.1,Campylobacter jejuni subsp. jejuni S3,Campylobacter jejuni
NC_017469.1,Lactobacillus delbrueckii subsp. bulgaricus 2038,Lactobacillus delbrueckii
NC_017492.1,Lactococcus lactis subsp. cremoris A76,Lactococcus lactis
NC_017731.1 ,Providencia stuartii MRSN 2154,Providencia stuartii
NC_017949.1,Lactococcus lactis subsp. cremoris NZ9000,Lactococcus lactis
NC_018521.1,Campylobacter jejuni subsp. jejuni NCTC 11168-BN148,Campylobacter jejuni
NC_018525.1,Pectobacterium carotovorum subsp. carotovorum PCC21,Pectobacterium carotovorum
NC_018650.1,Escherichia coli O104:H4 str. 2009EL-2050,Escherichia coli
NC_018658.1,Escherichia coli O104:H4 str. 2011C-3493,Escherichia coli
NC_018661.1,Escherichia coli O104:H4 str. 2009EL-2071,Escherichia coli
NC_018679.1 ,Alteromonas macleodii str. 'Balearic Sea AD45',Alteromonas macleodii
NC_019435.1,Lactococcus lactis subsp. cremoris UC509.9,Lactococcus lactis
NC_020528.1 ,Sinorhizobium meliloti 2011,Sinorhizobium meliloti
NC_021058.1 ,Sulfolobus islandicus LAL14/1,Sulfolobus islandicus
NC_021151.1,Salmonella enterica subsp. enterica serovar Typhimurium str. U288,Salmonella enterica
NC_021176.1,Salmonella enterica subsp. enterica serovar Typhi str. Ty21a,Salmonella enterica
NC_021814.1,Salmonella enterica subsp. enterica serovar Typhimurium var. 5- str. CFSAN001921,Salmonella enterica
NC_021902.1,Salmonella enterica subsp. enterica serovar Newport str. USMARC-S3124.1,Salmonella enterica
NC_022351.2,Campylobacter jejuni subsp. jejuni 00-2538,Campylobacter jejuni
NC_022352.2,Campylobacter jejuni subsp. jejuni 00-2426,Campylobacter jejuni
NC_022353.2,Campylobacter jejuni subsp. jejuni 00-2544,Campylobacter jejuni
NC_022362.2,Campylobacter jejuni subsp. jejuni 00-2425,Campylobacter jejuni
NC_022369.1,Lactococcus lactis subsp. cremoris KW2,Lactococcus lactis
NC_022544.1,Salmonella enterica subsp. enterica serovar Typhimurium str. DT2,Salmonella enterica
NC_022569.1,Salmonella enterica subsp. enterica serovar Typhimurium str. DT104,Salmonella enterica
NC_022569.1 ,Salmonella enterica subsp. enterica serovar Typhimurium str. DT104,Salmonella enterica
NC_022806.1,Pseudomonas aeruginosa PA1R,Pseudomonas aeruginosa
NC_022808.1,Pseudomonas aeruginosa PA1,Pseudomonas aeruginosa
NZ_AP012544.1 ,Lactobacillus casei subsp. casei ATCC 393,Lactobacillus casei
NZ_AP014565.1,Salmonella enterica subsp. enterica serovar Typhimurium str. L-3553,Salmonella enterica
NZ_CM000662.1,Escherichia coli O157:H7 str. TW14588,Escherichia coli
NZ_CM000854.1,Campylobacter jejuni subsp. jejuni 1336,Campylobacter jejuni
NZ_CM000855.1,Campylobacter jejuni subsp. jejuni 414,Campylobacter jejuni
NZ_CM001871.1,Xanthomonas campestris pv. campestris str. CN14,Xanthomonas campestris
NZ_CM002751.1,Pseudomonas syringae pv. actinidiae ICMP 18884,Pseudomonas syringae
NZ_CM002753.1,Pseudomonas syringae pv. actinidiae ICMP 9617,Pseudomonas syringae
NZ_CP004379.1,Burkholderia pseudomallei 1026b,Burkholderia pseudomallei
NZ_CP005081.1,Campylobacter jejuni subsp. jejuni R14,Campylobacter jejuni
NZ_CP005388.1,Campylobacter jejuni subsp. jejuni CG8421,Campylobacter jejuni
NZ_CP005998.1,Escherichia coli B7A,Escherichia coli
NZ_CP006685.1,Campylobacter jejuni subsp. jejuni NCTC 11168-K12E5,Campylobacter jejuni
NZ_CP006686.1,Campylobacter jejuni subsp. jejuni NCTC 11168-Kf1,Campylobacter jejuni
NZ_CP006687.1,Campylobacter jejuni subsp. jejuni NCTC 11168-mcK12E5,Campylobacter jejuni
NZ_CP006688.1,Campylobacter jejuni subsp. jejuni NCTC 11168-mfK12E5,Campylobacter jejuni
NZ_CP006689.1,Campylobacter jejuni subsp. jejuni NCTC 11168-GSv,Campylobacter jejuni
NZ_CP006851.1,Campylobacter jejuni subsp. jejuni F38011,Campylobacter jejuni
NZ_CP006882.1 ,Synechococcus sp. WH 8109,NA
NZ_CP007175.1,Salmonella enterica subsp. enterica serovar Enteritidis str. EC20110354,Salmonella enterica
NZ_CP007211.1,Salmonella enterica subsp. enterica serovar Anatum str. CDC 06-0532,Salmonella enterica
NZ_CP007216.1,Salmonella enterica subsp. enterica serovar Newport str. USDA-ARS-USMARC-1927,Salmonella enterica
NZ_CP007235.1,Salmonella enterica subsp. enterica serovar Typhimurium str. USDA-ARS-USMARC-1899,Salmonella enterica
NZ_CP007245.1,Salmonella enterica subsp. enterica serovar Enteritidis str. EC20120008,Salmonella enterica
NZ_CP007246.1,Salmonella enterica subsp. enterica serovar Enteritidis str. EC20100101,Salmonella enterica
NZ_CP007247.1,Salmonella enterica subsp. enterica serovar Enteritidis str. EC20110221,Salmonella enterica
NZ_CP007248.1,Salmonella enterica subsp. enterica serovar Enteritidis str. EC20090698,Salmonella enterica
NZ_CP007249.1,Salmonella enterica subsp. enterica serovar Enteritidis str. EC20090641,Salmonella enterica
NZ_CP007250.1,Salmonella enterica subsp. enterica serovar Enteritidis str. EC20110355,Salmonella enterica
NZ_CP007251.1,Salmonella enterica subsp. enterica serovar Enteritidis str. EC20110353,Salmonella enterica
NZ_CP007252.1,Salmonella enterica subsp. enterica serovar Enteritidis str. EC20111175,Salmonella enterica
NZ_CP007253.1,Salmonella enterica subsp. enterica serovar Enteritidis str. EC20111174,Salmonella enterica
NZ_CP007254.1,Salmonella enterica subsp. enterica serovar Enteritidis str. EC20111095,Salmonella enterica
NZ_CP007258.1,Salmonella enterica subsp. enterica serovar Enteritidis str. EC20110360,Salmonella enterica
NZ_CP007259.1,Salmonella enterica subsp. enterica serovar Enteritidis str. EC20110359,Salmonella enterica
NZ_CP007260.1,Salmonella enterica subsp. enterica serovar Enteritidis str. EC20110358,Salmonella enterica
NZ_CP007261.1,Salmonella enterica subsp. enterica serovar Enteritidis str. EC20110357,Salmonella enterica
NZ_CP007262.1,Salmonella enterica subsp. enterica serovar Enteritidis str. EC20110356,Salmonella enterica
NZ_CP007263.1,Salmonella enterica subsp. enterica serovar Enteritidis str. EC20110361,Salmonella enterica
NZ_CP007266.1,Salmonella enterica subsp. enterica serovar Enteritidis str. EC20110223,Salmonella enterica
NZ_CP007267.1,Salmonella enterica subsp. enterica serovar Enteritidis str. EC20120005,Salmonella enterica
NZ_CP007269.1,Salmonella enterica subsp. enterica serovar Enteritidis str. EC20121175,Salmonella enterica
NZ_CP007274.1,Salmonella enterica subsp. enterica serovar Enteritidis str. SA20093266,Salmonella enterica
NZ_CP007277.1,Salmonella enterica subsp. enterica serovar Enteritidis str. SA19930684,Salmonella enterica
NZ_CP007278.1,Salmonella enterica subsp. enterica serovar Enteritidis str. SA19942384,Salmonella enterica
NZ_CP007279.1,Salmonella enterica subsp. enterica serovar Enteritidis str. SA19943269,Salmonella enterica
NZ_CP007280.1,Salmonella enterica subsp. enterica serovar Enteritidis str. SA19960848,Salmonella enterica
NZ_CP007281.1,Salmonella enterica subsp. enterica serovar Enteritidis str. SA19961622,Salmonella enterica
NZ_CP007282.1,Salmonella enterica subsp. enterica serovar Enteritidis str. SA19970510,Salmonella enterica
NZ_CP007283.1,Salmonella enterica subsp. enterica serovar Enteritidis str. SA19970769,Salmonella enterica
NZ_CP007284.1,Salmonella enterica subsp. enterica serovar Enteritidis str. SA19971331,Salmonella enterica
NZ_CP007285.1,Salmonella enterica subsp. enterica serovar Enteritidis str. SA19980677,Salmonella enterica
NZ_CP007286.1,Salmonella enterica subsp. enterica serovar Enteritidis str. SA19981522,Salmonella enterica
NZ_CP007288.1,Salmonella enterica subsp. enterica serovar Enteritidis str. SA19981857,Salmonella enterica
NZ_CP007289.1,Salmonella enterica subsp. enterica serovar Enteritidis str. SA19982831,Salmonella enterica
NZ_CP007290.1,Salmonella enterica subsp. enterica serovar Enteritidis str. SA19983126,Salmonella enterica
NZ_CP007291.1,Salmonella enterica subsp. enterica serovar Enteritidis str. SA19992322,Salmonella enterica
NZ_CP007293.1,Salmonella enterica subsp. enterica serovar Enteritidis str. SA20083456,Salmonella enterica
NZ_CP007294.1,Salmonella enterica subsp. enterica serovar Enteritidis str. SA20083636,Salmonella enterica
NZ_CP007297.1,Salmonella enterica subsp. enterica serovar Enteritidis str. SA20090435,Salmonella enterica
NZ_CP007298.1,Salmonella enterica subsp. enterica serovar Enteritidis str. EC20090530,Salmonella enterica
NZ_CP007300.1,Salmonella enterica subsp. enterica serovar Enteritidis str. SA20090877,Salmonella enterica
NZ_CP007302.1,Salmonella enterica subsp. enterica serovar Enteritidis str. SA20093421,Salmonella enterica
NZ_CP007303.1,Salmonella enterica subsp. enterica serovar Enteritidis str. SA20093430,Salmonella enterica
NZ_CP007304.1,Salmonella enterica subsp. enterica serovar Enteritidis str. SA20093538,Salmonella enterica
NZ_CP007305.1,Salmonella enterica subsp. enterica serovar Enteritidis str. SA20093543,Salmonella enterica
NZ_CP007306.1,Salmonella enterica subsp. enterica serovar Enteritidis str. SA20093784,Salmonella enterica
NZ_CP007307.1,Salmonella enterica subsp. enterica serovar Enteritidis str. SA20093788,Salmonella enterica
NZ_CP007308.1,Salmonella enterica subsp. enterica serovar Enteritidis str. SA20093950,Salmonella enterica
NZ_CP007309.1,Salmonella enterica subsp. enterica serovar Enteritidis str. SA20093977,Salmonella enterica
NZ_CP007310.1,Salmonella enterica subsp. enterica serovar Enteritidis str. SA20094079,Salmonella enterica
NZ_CP007311.1,Salmonella enterica subsp. enterica serovar Enteritidis str. SA20094350,Salmonella enterica
NZ_CP007312.1,Salmonella enterica subsp. enterica serovar Enteritidis str. SA20094352,Salmonella enterica
NZ_CP007313.1,Salmonella enterica subsp. enterica serovar Enteritidis str. SA20094383,Salmonella enterica
NZ_CP007314.1,Salmonella enterica subsp. enterica serovar Enteritidis str. SA20094389,Salmonella enterica
NZ_CP007315.1,Salmonella enterica subsp. enterica serovar Enteritidis str. SA20094521,Salmonella enterica
NZ_CP007316.1,Salmonella enterica subsp. enterica serovar Enteritidis str. SA20094642,Salmonella enterica
NZ_CP007317.1,Salmonella enterica subsp. enterica serovar Enteritidis str. SA20094803,Salmonella enterica
NZ_CP007318.1,Salmonella enterica subsp. enterica serovar Enteritidis str. SA20095309,Salmonella enterica
NZ_CP007320.1,Salmonella enterica subsp. enterica serovar Enteritidis str. EC20090135,Salmonella enterica
NZ_CP007321.1,Salmonella enterica subsp. enterica serovar Enteritidis str. EC20090193,Salmonella enterica
NZ_CP007322.1,Salmonella enterica subsp. enterica serovar Enteritidis str. EC20090332,Salmonella enterica
NZ_CP007323.1,Salmonella enterica subsp. enterica serovar Enteritidis str. EC20110222,Salmonella enterica
NZ_CP007324.1,Salmonella enterica subsp. enterica serovar Enteritidis str. EC20111514,Salmonella enterica
NZ_CP007325.1,Salmonella enterica subsp. enterica serovar Enteritidis str. EC20111515,Salmonella enterica
NZ_CP007326.1,Salmonella enterica subsp. enterica serovar Enteritidis str. EC20111554,Salmonella enterica
NZ_CP007327.1,Salmonella enterica subsp. enterica serovar Enteritidis str. EC20111561,Salmonella enterica
NZ_CP007328.1,Salmonella enterica subsp. enterica serovar Enteritidis str. EC20111576,Salmonella enterica
NZ_CP007329.1,Salmonella enterica subsp. enterica serovar Enteritidis str. EC20120002,Salmonella enterica
NZ_CP007330.1,Salmonella enterica subsp. enterica serovar Enteritidis str. EC20120003,Salmonella enterica
NZ_CP007331.1,Salmonella enterica subsp. enterica serovar Enteritidis str. EC20120007,Salmonella enterica
NZ_CP007332.1,Salmonella enterica subsp. enterica serovar Enteritidis str. EC20120916,Salmonella enterica
NZ_CP007334.1,Salmonella enterica subsp. enterica serovar Enteritidis str. SA20092320,Salmonella enterica
NZ_CP007336.1,Salmonella enterica subsp. enterica serovar Enteritidis str. EC20120581,Salmonella enterica
NZ_CP007337.1,Salmonella enterica subsp. enterica serovar Enteritidis str. EC20120590,Salmonella enterica
NZ_CP007338.1,Salmonella enterica subsp. enterica serovar Enteritidis str. EC20120597,Salmonella enterica
NZ_CP007340.1,Salmonella enterica subsp. enterica serovar Enteritidis str. EC20120686,Salmonella enterica
NZ_CP007341.1,Salmonella enterica subsp. enterica serovar Enteritidis str. EC20120687,Salmonella enterica
NZ_CP007343.1,Salmonella enterica subsp. enterica serovar Enteritidis str. EC20120722,Salmonella enterica
NZ_CP007345.1,Salmonella enterica subsp. enterica serovar Enteritidis str. EC20120219,Salmonella enterica
NZ_CP007346.1,Salmonella enterica subsp. enterica serovar Enteritidis str. EC20120229,Salmonella enterica
NZ_CP007347.1,Salmonella enterica subsp. enterica serovar Enteritidis str. EC20120240,Salmonella enterica
NZ_CP007348.1,Salmonella enterica subsp. enterica serovar Enteritidis str. EC20120356,Salmonella enterica
NZ_CP007349.1,Salmonella enterica subsp. enterica serovar Enteritidis str. EC20120469,Salmonella enterica
NZ_CP007350.1,Salmonella enterica subsp. enterica serovar Enteritidis str. EC20120496,Salmonella enterica
NZ_CP007351.1,Salmonella enterica subsp. enterica serovar Enteritidis str. EC20120497,Salmonella enterica
NZ_CP007355.1,Salmonella enterica subsp. enterica serovar Enteritidis str. EC20100088,Salmonella enterica
NZ_CP007356.1,Salmonella enterica subsp. enterica serovar Enteritidis str. EC20100089,Salmonella enterica
NZ_CP007358.1,Salmonella enterica subsp. enterica serovar Enteritidis str. EC20100130,Salmonella enterica
NZ_CP007359.1,Salmonella enterica subsp. enterica serovar Enteritidis str. EC20100134,Salmonella enterica
NZ_CP007360.1,Salmonella enterica subsp. enterica serovar Enteritidis str. EC20100325,Salmonella enterica
NZ_CP007362.1,Salmonella enterica subsp. enterica serovar Enteritidis str. EC20120544,Salmonella enterica
NZ_CP007363.1,Salmonella enterica subsp. enterica serovar Enteritidis str. EC20120548,Salmonella enterica
NZ_CP007364.1,Salmonella enterica subsp. enterica serovar Enteritidis str. EC20120555,Salmonella enterica
NZ_CP007368.1,Salmonella enterica subsp. enterica serovar Enteritidis str. EC20121542,Salmonella enterica
NZ_CP007369.1,Salmonella enterica subsp. enterica serovar Enteritidis str. EC20121671,Salmonella enterica
NZ_CP007370.1,Salmonella enterica subsp. enterica serovar Enteritidis str. EC20121672,Salmonella enterica
NZ_CP007371.1,Salmonella enterica subsp. enterica serovar Enteritidis str. EC20121689,Salmonella enterica
NZ_CP007372.1,Salmonella enterica subsp. enterica serovar Enteritidis str. SA20121703,Salmonella enterica
NZ_CP007373.1,Salmonella enterica subsp. enterica serovar Enteritidis str. EC20121744,Salmonella enterica
NZ_CP007374.1,Salmonella enterica subsp. enterica serovar Enteritidis str. EC20121746,Salmonella enterica
NZ_CP007375.1,Salmonella enterica subsp. enterica serovar Enteritidis str. EC20120925,Salmonella enterica
NZ_CP007376.1,Salmonella enterica subsp. enterica serovar Enteritidis str. EC20120927,Salmonella enterica
NZ_CP007377.1,Salmonella enterica subsp. enterica serovar Enteritidis str. EC20120963,Salmonella enterica
NZ_CP007378.1,Salmonella enterica subsp. enterica serovar Enteritidis str. EC20120968,Salmonella enterica
NZ_CP007379.1,Salmonella enterica subsp. enterica serovar Enteritidis str. EC20120969,Salmonella enterica
NZ_CP007380.1,Salmonella enterica subsp. enterica serovar Enteritidis str. EC20120970,Salmonella enterica
NZ_CP007381.1,Salmonella enterica subsp. enterica serovar Enteritidis str. EC20121812,Salmonella enterica
NZ_CP007382.1,Salmonella enterica subsp. enterica serovar Enteritidis str. EC20121825,Salmonella enterica
NZ_CP007383.1,Salmonella enterica subsp. enterica serovar Enteritidis str. EC20121826,Salmonella enterica
NZ_CP007384.1,Salmonella enterica subsp. enterica serovar Enteritidis str. EC20121969,Salmonella enterica
NZ_CP007385.1,Salmonella enterica subsp. enterica serovar Enteritidis str. EC20121970,Salmonella enterica
NZ_CP007386.1,Salmonella enterica subsp. enterica serovar Enteritidis str. EC20121976,Salmonella enterica
NZ_CP007387.1,Salmonella enterica subsp. enterica serovar Enteritidis str. EC20121986,Salmonella enterica
NZ_CP007388.1,Salmonella enterica subsp. enterica serovar Enteritidis str. EC20121989,Salmonella enterica
NZ_CP007395.1,Salmonella enterica subsp. enterica serovar Enteritidis str. EC20121748,Salmonella enterica
NZ_CP007396.1,Salmonella enterica subsp. enterica serovar Enteritidis str. EC20121750,Salmonella enterica
NZ_CP007397.1,Salmonella enterica subsp. enterica serovar Enteritidis str. EC20121751,Salmonella enterica
NZ_CP007398.1,Salmonella enterica subsp. enterica serovar Enteritidis str. EC20121753,Salmonella enterica
NZ_CP007400.1,Salmonella enterica subsp. enterica serovar Enteritidis str. EC20120734,Salmonella enterica
NZ_CP007401.1,Salmonella enterica subsp. enterica serovar Enteritidis str. EC20120738,Salmonella enterica
NZ_CP007402.1,Salmonella enterica subsp. enterica serovar Enteritidis str. EC20120765,Salmonella enterica
NZ_CP007403.1,Salmonella enterica subsp. enterica serovar Enteritidis str. EC20120773,Salmonella enterica
NZ_CP007404.1,Salmonella enterica subsp. enterica serovar Enteritidis str. EC20120774,Salmonella enterica
NZ_CP007405.1,Salmonella enterica subsp. enterica serovar Enteritidis str. EC20120775,Salmonella enterica
NZ_CP007406.1,Salmonella enterica subsp. enterica serovar Enteritidis str. EC20120776,Salmonella enterica
NZ_CP007407.1,Salmonella enterica subsp. enterica serovar Enteritidis str. EC20120917,Salmonella enterica
NZ_CP007408.1,Salmonella enterica subsp. enterica serovar Enteritidis str. EC20120918,Salmonella enterica
NZ_CP007411.1,Salmonella enterica subsp. enterica serovar Enteritidis str. EC20121990,Salmonella enterica
NZ_CP007412.1,Salmonella enterica subsp. enterica serovar Enteritidis str. EC20122022,Salmonella enterica
NZ_CP007413.1,Salmonella enterica subsp. enterica serovar Enteritidis str. EC20122026,Salmonella enterica
NZ_CP007414.1,Salmonella enterica subsp. enterica serovar Enteritidis str. EC20122031,Salmonella enterica
NZ_CP007415.1,Salmonella enterica subsp. enterica serovar Enteritidis str. EC20122033,Salmonella enterica
NZ_CP007416.1,Salmonella enterica subsp. enterica serovar Enteritidis str. EC20122045,Salmonella enterica
NZ_CP007417.1,Salmonella enterica subsp. enterica serovar Enteritidis str. SA20123395,Salmonella enterica
NZ_CP007418.1,Salmonella enterica subsp. enterica serovar Enteritidis str. EC20130345,Salmonella enterica
NZ_CP007419.1,Salmonella enterica subsp. enterica serovar Enteritidis str. EC20130346,Salmonella enterica
NZ_CP007420.1,Salmonella enterica subsp. enterica serovar Enteritidis str. EC20100103,Salmonella enterica
NZ_CP007421.1,Salmonella enterica subsp. enterica serovar Enteritidis str. EC20090884,Salmonella enterica
NZ_CP007422.1,Salmonella enterica subsp. enterica serovar Enteritidis str. EC20090531,Salmonella enterica
NZ_CP007424.1,Salmonella enterica subsp. enterica serovar Enteritidis str. EC20130348,Salmonella enterica
NZ_CP007429.1,Salmonella enterica subsp. enterica serovar Enteritidis str. EC20121765,Salmonella enterica
NZ_CP007430.1,Salmonella enterica subsp. enterica serovar Enteritidis str. EC20090195,Salmonella enterica
NZ_CP007431.1,Salmonella enterica subsp. enterica serovar Enteritidis str. SA20094682,Salmonella enterica
NZ_CP007432.1,Salmonella enterica subsp. enterica serovar Enteritidis str. EC20100131,Salmonella enterica
NZ_CP007433.1,Salmonella enterica subsp. enterica serovar Enteritidis str. EC20120051,Salmonella enterica
NZ_CP007434.1,Salmonella enterica subsp. enterica serovar Enteritidis str. EC20120200,Salmonella enterica
NZ_CP007463.1,Salmonella enterica subsp. enterica serovar Enteritidis str. EC20120929,Salmonella enterica
NZ_CP007464.1,Salmonella enterica subsp. enterica serovar Enteritidis str. EC20121747,Salmonella enterica
NZ_CP007465.1,Salmonella enterica subsp. enterica serovar Enteritidis str. SA19940857,Salmonella enterica
NZ_CP007498.1,Salmonella enterica subsp. enterica serovar Enteritidis str. EC20111510,Salmonella enterica
NZ_CP007528.1,Salmonella enterica subsp. enterica serovar Enteritidis str. CDC_2010K_0968,Salmonella enterica
NZ_CP007531.1,Salmonella enterica subsp. enterica serovar Anatum str. ATCC BAA-1592,Salmonella enterica
NZ_CP007592.1,Escherichia coli O157,Escherichia coli
NZ_CP007598.1,Salmonella enterica subsp. enterica serovar Enteritidis str. 77-1427,Salmonella enterica
NZ_CP007666.1,Bacillus anthracis Vollum,Bacillus anthracis
NZ_CP008749.1,Pseudomonas aeruginosa PAO1H2O,Pseudomonas aeruginosa
NZ_CP008805.1,Escherichia coli O157:H7 str. SS17,Escherichia coli
NZ_CP008928.1,Salmonella enterica subsp. enterica serovar Enteritidis,Salmonella enterica
NZ_CP008957.1,Escherichia coli O157:H7 str. EDL933,Escherichia coli
NZ_CP009102.1,Salmonella enterica subsp. enterica serovar Typhimurium,Salmonella enterica
NZ_CP009273.1,Escherichia coli BW25113,Escherichia coli
NZ_CP009494.1 ,Mycobacterium smegmatis str. MC2 155,Mycobacterium smegmatis
NZ_CP009561.1,Salmonella enterica subsp. enterica serovar Newport str. CVM N18486,Salmonella enterica
NZ_CP009628.1,Bacillus cereus ATCC 4342,Bacillus cereus
NZ_CP009685.1,Escherichia coli K-12 subsr. MG1655,Escherichia coli
NZ_CP009789.1 ,Escherichia coli K-12,Escherichia coli
NZ_CP009840.1 ,Yersinia pestis A1122,Yersinia pestis
NZ_CP009887.1 ,Cellulophaga baltica NN016038,Cellulophaga baltica
NZ_CP009976.1 ,Cellulophaga baltica #18,Cellulophaga baltica
NZ_CP010279.1,Salmonella enterica subsp. enterica serovar Newport str. CVM 22425,Salmonella enterica
NZ_CP010280.1,Salmonella enterica subsp. enterica serovar Newport str. CVM 22462,Salmonella enterica
NZ_CP010281.1,Salmonella enterica subsp. enterica serovar Newport str. CVM 22513,Salmonella enterica
NZ_CP010282.1,Salmonella enterica subsp. enterica serovar Newport str. CVM 21538,Salmonella enterica
NZ_CP010283.1,Salmonella enterica subsp. enterica serovar Newport str. CVM 21550,Salmonella enterica
NZ_CP010284.1,Salmonella enterica subsp. enterica serovar Newport str. CVM N1543,Salmonella enterica
NZ_CP010304.1,Escherichia coli O157:H7 str. SS52,Escherichia coli
NZ_CP010906.1,Campylobacter jejuni subsp. jejuni,Campylobacter jejuni
